[
{
    "model": "admin.logentry",
    "pk": 1,
    "fields": {
        "action_time": "2025-01-20T20:36:54.640Z",
        "user": 3,
        "content_type": 3,
        "object_id": "1",
        "object_repr": "Clientes",
        "action_flag": 1,
        "change_message": "[{\"added\": {}}]"
    }
},
{
    "model": "admin.logentry",
    "pk": 2,
    "fields": {
        "action_time": "2025-01-20T20:38:21.223Z",
        "user": 3,
        "content_type": 3,
        "object_id": "2",
        "object_repr": "Gerentes",
        "action_flag": 1,
        "change_message": "[{\"added\": {}}]"
    }
},
{
    "model": "auth.permission",
    "pk": 1,
    "fields": {
        "name": "Can add log entry",
        "content_type": 1,
        "codename": "add_logentry"
    }
},
{
    "model": "auth.permission",
    "pk": 2,
    "fields": {
        "name": "Can change log entry",
        "content_type": 1,
        "codename": "change_logentry"
    }
},
{
    "model": "auth.permission",
    "pk": 3,
    "fields": {
        "name": "Can delete log entry",
        "content_type": 1,
        "codename": "delete_logentry"
    }
},
{
    "model": "auth.permission",
    "pk": 4,
    "fields": {
        "name": "Can view log entry",
        "content_type": 1,
        "codename": "view_logentry"
    }
},
{
    "model": "auth.permission",
    "pk": 5,
    "fields": {
        "name": "Can add permission",
        "content_type": 2,
        "codename": "add_permission"
    }
},
{
    "model": "auth.permission",
    "pk": 6,
    "fields": {
        "name": "Can change permission",
        "content_type": 2,
        "codename": "change_permission"
    }
},
{
    "model": "auth.permission",
    "pk": 7,
    "fields": {
        "name": "Can delete permission",
        "content_type": 2,
        "codename": "delete_permission"
    }
},
{
    "model": "auth.permission",
    "pk": 8,
    "fields": {
        "name": "Can view permission",
        "content_type": 2,
        "codename": "view_permission"
    }
},
{
    "model": "auth.permission",
    "pk": 9,
    "fields": {
        "name": "Can add group",
        "content_type": 3,
        "codename": "add_group"
    }
},
{
    "model": "auth.permission",
    "pk": 10,
    "fields": {
        "name": "Can change group",
        "content_type": 3,
        "codename": "change_group"
    }
},
{
    "model": "auth.permission",
    "pk": 11,
    "fields": {
        "name": "Can delete group",
        "content_type": 3,
        "codename": "delete_group"
    }
},
{
    "model": "auth.permission",
    "pk": 12,
    "fields": {
        "name": "Can view group",
        "content_type": 3,
        "codename": "view_group"
    }
},
{
    "model": "auth.permission",
    "pk": 13,
    "fields": {
        "name": "Can add content type",
        "content_type": 4,
        "codename": "add_contenttype"
    }
},
{
    "model": "auth.permission",
    "pk": 14,
    "fields": {
        "name": "Can change content type",
        "content_type": 4,
        "codename": "change_contenttype"
    }
},
{
    "model": "auth.permission",
    "pk": 15,
    "fields": {
        "name": "Can delete content type",
        "content_type": 4,
        "codename": "delete_contenttype"
    }
},
{
    "model": "auth.permission",
    "pk": 16,
    "fields": {
        "name": "Can view content type",
        "content_type": 4,
        "codename": "view_contenttype"
    }
},
{
    "model": "auth.permission",
    "pk": 17,
    "fields": {
        "name": "Can add session",
        "content_type": 5,
        "codename": "add_session"
    }
},
{
    "model": "auth.permission",
    "pk": 18,
    "fields": {
        "name": "Can change session",
        "content_type": 5,
        "codename": "change_session"
    }
},
{
    "model": "auth.permission",
    "pk": 19,
    "fields": {
        "name": "Can delete session",
        "content_type": 5,
        "codename": "delete_session"
    }
},
{
    "model": "auth.permission",
    "pk": 20,
    "fields": {
        "name": "Can view session",
        "content_type": 5,
        "codename": "view_session"
    }
},
{
    "model": "auth.permission",
    "pk": 21,
    "fields": {
        "name": "Can add categoria",
        "content_type": 6,
        "codename": "add_categoria"
    }
},
{
    "model": "auth.permission",
    "pk": 22,
    "fields": {
        "name": "Can change categoria",
        "content_type": 6,
        "codename": "change_categoria"
    }
},
{
    "model": "auth.permission",
    "pk": 23,
    "fields": {
        "name": "Can delete categoria",
        "content_type": 6,
        "codename": "delete_categoria"
    }
},
{
    "model": "auth.permission",
    "pk": 24,
    "fields": {
        "name": "Can view categoria",
        "content_type": 6,
        "codename": "view_categoria"
    }
},
{
    "model": "auth.permission",
    "pk": 25,
    "fields": {
        "name": "Can add producto",
        "content_type": 7,
        "codename": "add_producto"
    }
},
{
    "model": "auth.permission",
    "pk": 26,
    "fields": {
        "name": "Can change producto",
        "content_type": 7,
        "codename": "change_producto"
    }
},
{
    "model": "auth.permission",
    "pk": 27,
    "fields": {
        "name": "Can delete producto",
        "content_type": 7,
        "codename": "delete_producto"
    }
},
{
    "model": "auth.permission",
    "pk": 28,
    "fields": {
        "name": "Can view producto",
        "content_type": 7,
        "codename": "view_producto"
    }
},
{
    "model": "auth.permission",
    "pk": 29,
    "fields": {
        "name": "Can add user",
        "content_type": 8,
        "codename": "add_usuario"
    }
},
{
    "model": "auth.permission",
    "pk": 30,
    "fields": {
        "name": "Can change user",
        "content_type": 8,
        "codename": "change_usuario"
    }
},
{
    "model": "auth.permission",
    "pk": 31,
    "fields": {
        "name": "Can delete user",
        "content_type": 8,
        "codename": "delete_usuario"
    }
},
{
    "model": "auth.permission",
    "pk": 32,
    "fields": {
        "name": "Can view user",
        "content_type": 8,
        "codename": "view_usuario"
    }
},
{
    "model": "auth.permission",
    "pk": 33,
    "fields": {
        "name": "Can add orden",
        "content_type": 9,
        "codename": "add_orden"
    }
},
{
    "model": "auth.permission",
    "pk": 34,
    "fields": {
        "name": "Can change orden",
        "content_type": 9,
        "codename": "change_orden"
    }
},
{
    "model": "auth.permission",
    "pk": 35,
    "fields": {
        "name": "Can delete orden",
        "content_type": 9,
        "codename": "delete_orden"
    }
},
{
    "model": "auth.permission",
    "pk": 36,
    "fields": {
        "name": "Can view orden",
        "content_type": 9,
        "codename": "view_orden"
    }
},
{
    "model": "auth.permission",
    "pk": 37,
    "fields": {
        "name": "Can add inventario",
        "content_type": 10,
        "codename": "add_inventario"
    }
},
{
    "model": "auth.permission",
    "pk": 38,
    "fields": {
        "name": "Can change inventario",
        "content_type": 10,
        "codename": "change_inventario"
    }
},
{
    "model": "auth.permission",
    "pk": 39,
    "fields": {
        "name": "Can delete inventario",
        "content_type": 10,
        "codename": "delete_inventario"
    }
},
{
    "model": "auth.permission",
    "pk": 40,
    "fields": {
        "name": "Can view inventario",
        "content_type": 10,
        "codename": "view_inventario"
    }
},
{
    "model": "auth.permission",
    "pk": 41,
    "fields": {
        "name": "Can add favoritos",
        "content_type": 11,
        "codename": "add_favoritos"
    }
},
{
    "model": "auth.permission",
    "pk": 42,
    "fields": {
        "name": "Can change favoritos",
        "content_type": 11,
        "codename": "change_favoritos"
    }
},
{
    "model": "auth.permission",
    "pk": 43,
    "fields": {
        "name": "Can delete favoritos",
        "content_type": 11,
        "codename": "delete_favoritos"
    }
},
{
    "model": "auth.permission",
    "pk": 44,
    "fields": {
        "name": "Can view favoritos",
        "content_type": 11,
        "codename": "view_favoritos"
    }
},
{
    "model": "auth.permission",
    "pk": 45,
    "fields": {
        "name": "Can add detalle orden",
        "content_type": 12,
        "codename": "add_detalleorden"
    }
},
{
    "model": "auth.permission",
    "pk": 46,
    "fields": {
        "name": "Can change detalle orden",
        "content_type": 12,
        "codename": "change_detalleorden"
    }
},
{
    "model": "auth.permission",
    "pk": 47,
    "fields": {
        "name": "Can delete detalle orden",
        "content_type": 12,
        "codename": "delete_detalleorden"
    }
},
{
    "model": "auth.permission",
    "pk": 48,
    "fields": {
        "name": "Can view detalle orden",
        "content_type": 12,
        "codename": "view_detalleorden"
    }
},
{
    "model": "auth.permission",
    "pk": 49,
    "fields": {
        "name": "Can add producto categoria",
        "content_type": 13,
        "codename": "add_productocategoria"
    }
},
{
    "model": "auth.permission",
    "pk": 50,
    "fields": {
        "name": "Can change producto categoria",
        "content_type": 13,
        "codename": "change_productocategoria"
    }
},
{
    "model": "auth.permission",
    "pk": 51,
    "fields": {
        "name": "Can delete producto categoria",
        "content_type": 13,
        "codename": "delete_productocategoria"
    }
},
{
    "model": "auth.permission",
    "pk": 52,
    "fields": {
        "name": "Can view producto categoria",
        "content_type": 13,
        "codename": "view_productocategoria"
    }
},
{
    "model": "auth.permission",
    "pk": 53,
    "fields": {
        "name": "Can add provedor",
        "content_type": 14,
        "codename": "add_provedor"
    }
},
{
    "model": "auth.permission",
    "pk": 54,
    "fields": {
        "name": "Can change provedor",
        "content_type": 14,
        "codename": "change_provedor"
    }
},
{
    "model": "auth.permission",
    "pk": 55,
    "fields": {
        "name": "Can delete provedor",
        "content_type": 14,
        "codename": "delete_provedor"
    }
},
{
    "model": "auth.permission",
    "pk": 56,
    "fields": {
        "name": "Can view provedor",
        "content_type": 14,
        "codename": "view_provedor"
    }
},
{
    "model": "auth.permission",
    "pk": 57,
    "fields": {
        "name": "Can add reclamo",
        "content_type": 15,
        "codename": "add_reclamo"
    }
},
{
    "model": "auth.permission",
    "pk": 58,
    "fields": {
        "name": "Can change reclamo",
        "content_type": 15,
        "codename": "change_reclamo"
    }
},
{
    "model": "auth.permission",
    "pk": 59,
    "fields": {
        "name": "Can delete reclamo",
        "content_type": 15,
        "codename": "delete_reclamo"
    }
},
{
    "model": "auth.permission",
    "pk": 60,
    "fields": {
        "name": "Can view reclamo",
        "content_type": 15,
        "codename": "view_reclamo"
    }
},
{
    "model": "auth.permission",
    "pk": 61,
    "fields": {
        "name": "Can add tarjeta",
        "content_type": 16,
        "codename": "add_tarjeta"
    }
},
{
    "model": "auth.permission",
    "pk": 62,
    "fields": {
        "name": "Can change tarjeta",
        "content_type": 16,
        "codename": "change_tarjeta"
    }
},
{
    "model": "auth.permission",
    "pk": 63,
    "fields": {
        "name": "Can delete tarjeta",
        "content_type": 16,
        "codename": "delete_tarjeta"
    }
},
{
    "model": "auth.permission",
    "pk": 64,
    "fields": {
        "name": "Can view tarjeta",
        "content_type": 16,
        "codename": "view_tarjeta"
    }
},
{
    "model": "auth.group",
    "pk": 1,
    "fields": {
        "name": "Clientes",
        "permissions": [
            24,
            48,
            41,
            44,
            40,
            36,
            56,
            57,
            60,
            64,
            29,
            32
        ]
    }
},
{
    "model": "auth.group",
    "pk": 2,
    "fields": {
        "name": "Gerentes",
        "permissions": [
            1,
            2,
            3,
            4,
            21,
            22,
            23,
            24,
            45,
            46,
            47,
            48,
            41,
            42,
            43,
            44,
            37,
            38,
            39,
            40,
            33,
            34,
            35,
            36,
            25,
            26,
            27,
            28,
            49,
            50,
            51,
            52,
            53,
            54,
            55,
            56,
            57,
            58,
            59,
            60,
            61,
            62,
            63,
            64,
            29,
            30,
            31,
            32
        ]
    }
},
{
    "model": "contenttypes.contenttype",
    "pk": 1,
    "fields": {
        "app_label": "admin",
        "model": "logentry"
    }
},
{
    "model": "contenttypes.contenttype",
    "pk": 2,
    "fields": {
        "app_label": "auth",
        "model": "permission"
    }
},
{
    "model": "contenttypes.contenttype",
    "pk": 3,
    "fields": {
        "app_label": "auth",
        "model": "group"
    }
},
{
    "model": "contenttypes.contenttype",
    "pk": 4,
    "fields": {
        "app_label": "contenttypes",
        "model": "contenttype"
    }
},
{
    "model": "contenttypes.contenttype",
    "pk": 5,
    "fields": {
        "app_label": "sessions",
        "model": "session"
    }
},
{
    "model": "contenttypes.contenttype",
    "pk": 6,
    "fields": {
        "app_label": "tienda",
        "model": "categoria"
    }
},
{
    "model": "contenttypes.contenttype",
    "pk": 7,
    "fields": {
        "app_label": "tienda",
        "model": "producto"
    }
},
{
    "model": "contenttypes.contenttype",
    "pk": 8,
    "fields": {
        "app_label": "tienda",
        "model": "usuario"
    }
},
{
    "model": "contenttypes.contenttype",
    "pk": 9,
    "fields": {
        "app_label": "tienda",
        "model": "orden"
    }
},
{
    "model": "contenttypes.contenttype",
    "pk": 10,
    "fields": {
        "app_label": "tienda",
        "model": "inventario"
    }
},
{
    "model": "contenttypes.contenttype",
    "pk": 11,
    "fields": {
        "app_label": "tienda",
        "model": "favoritos"
    }
},
{
    "model": "contenttypes.contenttype",
    "pk": 12,
    "fields": {
        "app_label": "tienda",
        "model": "detalleorden"
    }
},
{
    "model": "contenttypes.contenttype",
    "pk": 13,
    "fields": {
        "app_label": "tienda",
        "model": "productocategoria"
    }
},
{
    "model": "contenttypes.contenttype",
    "pk": 14,
    "fields": {
        "app_label": "tienda",
        "model": "provedor"
    }
},
{
    "model": "contenttypes.contenttype",
    "pk": 15,
    "fields": {
        "app_label": "tienda",
        "model": "reclamo"
    }
},
{
    "model": "contenttypes.contenttype",
    "pk": 16,
    "fields": {
        "app_label": "tienda",
        "model": "tarjeta"
    }
},
{
    "model": "sessions.session",
    "pk": "gl5e0376r91ocqyhp0ppkocknq718mz6",
    "fields": {
        "session_data": ".eJxVjTFSxDAMRa_CuGayiuIEb0oaKs7gkWyZGBaLsRMahrvjZbaATvr_6enLeDr2zR9Nqs_RrGY2938zpvAm5VrEVyovOgQte808XJHh1rbhWaNcHm_sP8FGbevXwBNPi3PnhZbAjjExjOLEJocLYCSYXIp2jGfEUSaOwtaC4IMjsDzbLk0SNvK55JC1GxFOMJ4QcL5DWO3YiaLvXKX_Paj-MqlSCbkF7WXVS0-epErZpe8fVeMRdm0-0afW3CezwvcPqVhZGw:1tZyal:sdJkk-wBrig4FTFyph6c80rlSRrCLQJ16PnBHQiQjcU",
        "expire_date": "2025-02-03T20:41:51.701Z"
    }
},
{
    "model": "tienda.usuario",
    "pk": 1,
    "fields": {
        "password": "pbkdf2_sha256$870000$EXjKVXtOl4oEidiD91cBEv$kgfbk9HkXwAvNEdWn4gluSsGcpVTolKahrqt5v2G+cw=",
        "last_login": "2025-01-20T20:40:19.772Z",
        "is_superuser": false,
        "username": "ggg",
        "first_name": "",
        "last_name": "",
        "email": "francisco.rivera.gil.al@iespoligonosur.org",
        "is_staff": false,
        "is_active": true,
        "date_joined": "2025-01-20T20:31:31.988Z",
        "rol": 2,
        "direccion": "tttt",
        "telefono": "111222333",
        "groups": [],
        "user_permissions": []
    }
},
{
    "model": "tienda.usuario",
    "pk": 2,
    "fields": {
        "password": "pbkdf2_sha256$870000$LALAdRL63nmvCCgATkmxng$1rRspJPE4xNEfDPVNX19CRUUg55adGHu+ieWOgaYDKM=",
        "last_login": null,
        "is_superuser": false,
        "username": "fran",
        "first_name": "",
        "last_name": "",
        "email": "francisco.rivera.gil.al@iespoligonosur.org",
        "is_staff": false,
        "is_active": true,
        "date_joined": "2025-01-20T20:34:01.729Z",
        "rol": 2,
        "direccion": "antonio machado 27",
        "telefono": "222222222222222",
        "groups": [],
        "user_permissions": []
    }
},
{
    "model": "tienda.usuario",
    "pk": 3,
    "fields": {
        "password": "pbkdf2_sha256$870000$aO5o71AFsknejqPde8NFjA$oXBlrn1ECXM0OaYejn5Rj+VDLwzB3hqe3+Ikj4a2zfg=",
        "last_login": "2025-01-20T20:35:17.115Z",
        "is_superuser": true,
        "username": "f",
        "first_name": "",
        "last_name": "",
        "email": "",
        "is_staff": true,
        "is_active": true,
        "date_joined": "2025-01-20T20:34:54.041Z",
        "rol": 2,
        "direccion": "sin_direccion",
        "telefono": null,
        "groups": [],
        "user_permissions": []
    }
},
{
    "model": "tienda.usuario",
    "pk": 4,
    "fields": {
        "password": "pbkdf2_sha256$870000$ycLaXyA7cGOj0bxNaKZ3B8$E+ECEdX0f1stCMLkii2PjiEyJhdcweXGue0JldjFYxo=",
        "last_login": null,
        "is_superuser": false,
        "username": "fraan",
        "first_name": "",
        "last_name": "",
        "email": "francisco.rivera.gil.al@iespoligonosur.org",
        "is_staff": false,
        "is_active": true,
        "date_joined": "2025-01-20T20:39:55.371Z",
        "rol": 2,
        "direccion": "antonio machado 27",
        "telefono": "111111222",
        "groups": [
            1
        ],
        "user_permissions": []
    }
},
{
    "model": "tienda.usuario",
    "pk": 5,
    "fields": {
        "password": "pbkdf2_sha256$870000$pqSZJE5OiQbX5KDRJqvGoK$CZ+/Jp/QnyzB0ZjQFx7tqQ+FuRo/TVCdXgcn8FMPQsI=",
        "last_login": "2025-01-20T20:41:51.663Z",
        "is_superuser": false,
        "username": "francisco",
        "first_name": "",
        "last_name": "",
        "email": "francisco.rivera.gil.al@iespoligonosur.org",
        "is_staff": false,
        "is_active": true,
        "date_joined": "2025-01-20T20:41:49.121Z",
        "rol": 3,
        "direccion": "212",
        "telefono": "611726617",
        "groups": [
            2
        ],
        "user_permissions": []
    }
},
{
    "model": "tienda.producto",
    "pk": 1,
    "fields": {
        "nombre": "Throw stuff accept than.",
        "precio": "0.55",
        "tipo": "vino",
        "stock": -21222,
        "descripcion": "Movie structure which store. Support cause ever trade peace improve.",
        "tiempo_estimado_envio": "19:53:07"
    }
},
{
    "model": "tienda.producto",
    "pk": 2,
    "fields": {
        "nombre": "Teach red toward. Board performance throw. Two as really firm buy prepare.",
        "precio": "0.18",
        "tipo": "vino",
        "stock": -277,
        "descripcion": "Cost image hot stock. National color director begin conference evidence. True suddenly generation situation put morning. Out ability never play economy.",
        "tiempo_estimado_envio": "20:13:29"
    }
},
{
    "model": "tienda.producto",
    "pk": 3,
    "fields": {
        "nombre": "Character from when. Meet image study. Party allow food know usually.",
        "precio": "0.17",
        "tipo": "vino",
        "stock": -30975,
        "descripcion": "Science then also. Science cup economy out movie.\nDemocratic that someone reality fight network. Party because increase charge.\nTo cover involve free style per during. Student laugh lead eye.",
        "tiempo_estimado_envio": "13:24:44"
    }
},
{
    "model": "tienda.producto",
    "pk": 4,
    "fields": {
        "nombre": "Thought sure rule great leg security. Help mother chair commercial listen interest.",
        "precio": "0.17",
        "tipo": "vino",
        "stock": 3974,
        "descripcion": "Here page event all. Each form political. Performance adult can fly agree paper wide.",
        "tiempo_estimado_envio": "09:58:17"
    }
},
{
    "model": "tienda.producto",
    "pk": 5,
    "fields": {
        "nombre": "Network chance daughter loss really course push.",
        "precio": "0.81",
        "tipo": "vino",
        "stock": 31744,
        "descripcion": "Think of as time radio themselves. Voice exactly threat site.\nElection air charge policy provide final join. Tax choose take myself. Answer trial standard figure close nor skill conference.",
        "tiempo_estimado_envio": "20:35:53"
    }
},
{
    "model": "tienda.producto",
    "pk": 6,
    "fields": {
        "nombre": "Many lose control they place herself keep. Growth trip in. To color sort ten fire fast learn.",
        "precio": "0.74",
        "tipo": "vino",
        "stock": -24153,
        "descripcion": "Everyone worker reach move size political well see. Pattern people environmental outside much ground try. Minute read just past.",
        "tiempo_estimado_envio": "12:37:30"
    }
},
{
    "model": "tienda.producto",
    "pk": 7,
    "fields": {
        "nombre": "Develop mother audience. Charge room woman partner. Should from try design per once ten.",
        "precio": "0.80",
        "tipo": "vino",
        "stock": 31325,
        "descripcion": "Professor western democratic almost eight again environment wish. Increase sport there economy draw.\nHundred money forget her fact one. Student produce yourself fall ahead property growth scientist.",
        "tiempo_estimado_envio": "20:13:30"
    }
},
{
    "model": "tienda.producto",
    "pk": 8,
    "fields": {
        "nombre": "Hold cut car live nothing area. Stand feeling image political.",
        "precio": "0.73",
        "tipo": "vino",
        "stock": 24349,
        "descripcion": "Some push its huge hit. Water build item buy arrive I. Executive someone system something growth.\nWindow tree great particularly tell if box. Full beautiful have buy.",
        "tiempo_estimado_envio": "20:14:34"
    }
},
{
    "model": "tienda.producto",
    "pk": 9,
    "fields": {
        "nombre": "Writer area figure unit want into task. Billion long between bar.",
        "precio": "0.34",
        "tipo": "vino",
        "stock": 30752,
        "descripcion": "Particularly public answer less. Section seat protect world mention strong itself. Quite staff I protect.",
        "tiempo_estimado_envio": "23:01:17"
    }
},
{
    "model": "tienda.producto",
    "pk": 10,
    "fields": {
        "nombre": "Purpose experience street conference indeed camera. Page could keep to senior figure small whether.",
        "precio": "0.86",
        "tipo": "vino",
        "stock": -30989,
        "descripcion": "Again pressure middle. Mr place clearly town like.\nRule result until stuff. Back affect positive kitchen.\nPossible hundred produce space add seek administration.",
        "tiempo_estimado_envio": "07:57:24"
    }
},
{
    "model": "tienda.producto",
    "pk": 11,
    "fields": {
        "nombre": "Vote special knowledge citizen. International this and total.",
        "precio": "0.92",
        "tipo": "vino",
        "stock": 31368,
        "descripcion": "Exist inside per into science each. Build front black be pattern clearly heavy.\nDog little behavior fall garden ground space. Need instead could here total.",
        "tiempo_estimado_envio": "04:09:28"
    }
},
{
    "model": "tienda.producto",
    "pk": 12,
    "fields": {
        "nombre": "Especially imagine in day test person. Bill maintain say increase eat certain.",
        "precio": "0.03",
        "tipo": "vino",
        "stock": -2480,
        "descripcion": "Million lead stay minute. Loss state myself rise statement. Everyone join participant bit.\nAlthough offer east then society strategy. Better sit position back interesting.",
        "tiempo_estimado_envio": "14:28:56"
    }
},
{
    "model": "tienda.producto",
    "pk": 13,
    "fields": {
        "nombre": "Try exist budget author explain south skill hair.",
        "precio": "0.94",
        "tipo": "vino",
        "stock": -6837,
        "descripcion": "Play amount measure minute fly.\nModern model mother. Simply various hope. Guy generation keep ago serious.",
        "tiempo_estimado_envio": "15:22:25"
    }
},
{
    "model": "tienda.producto",
    "pk": 14,
    "fields": {
        "nombre": "Western know subject as but kind TV. Take medical fear. But oil drop.",
        "precio": "0.04",
        "tipo": "vino",
        "stock": 1490,
        "descripcion": "Doctor probably answer this material table. Goal court officer main. Work baby best suggest.",
        "tiempo_estimado_envio": "23:25:46"
    }
},
{
    "model": "tienda.producto",
    "pk": 15,
    "fields": {
        "nombre": "Sign who produce year finally only. Read out walk economic.",
        "precio": "0.32",
        "tipo": "vino",
        "stock": 20760,
        "descripcion": "Next scientist main father. Decide create everything collection under. Property share measure per like close force.\nStreet occur remain central major office. Money free which. Wide high bank reason.",
        "tiempo_estimado_envio": "09:29:24"
    }
},
{
    "model": "tienda.producto",
    "pk": 16,
    "fields": {
        "nombre": "Husband trip bar community interview ask might too. Care near mind exist back.",
        "precio": "0.82",
        "tipo": "vino",
        "stock": -20115,
        "descripcion": "Add machine firm property score out administration official. Health rather get kind training which. Finish huge ten.\nThink stock professional.",
        "tiempo_estimado_envio": "07:58:51"
    }
},
{
    "model": "tienda.producto",
    "pk": 17,
    "fields": {
        "nombre": "Lot least mission particular write language agent. Mission until value for even reflect.",
        "precio": "0.79",
        "tipo": "vino",
        "stock": -6382,
        "descripcion": "For student course in situation street.\nCarry small camera story expert. Nation through tonight increase hour serious. Call more short maybe.",
        "tiempo_estimado_envio": "19:55:55"
    }
},
{
    "model": "tienda.producto",
    "pk": 18,
    "fields": {
        "nombre": "Foot shake local husband travel note boy. Employee white study when top people receive myself.",
        "precio": "0.21",
        "tipo": "vino",
        "stock": 20975,
        "descripcion": "Set where force next discuss travel wear. Outside minute practice business next. Threat cell evening.",
        "tiempo_estimado_envio": "05:15:03"
    }
},
{
    "model": "tienda.producto",
    "pk": 19,
    "fields": {
        "nombre": "Prevent line expect one word. Car staff tough century. Many law hospital take measure everyone.",
        "precio": "0.33",
        "tipo": "vino",
        "stock": 14692,
        "descripcion": "Deep sign himself mission. Degree help focus term ask push. Require mission do serve.",
        "tiempo_estimado_envio": "05:47:42"
    }
},
{
    "model": "tienda.producto",
    "pk": 20,
    "fields": {
        "nombre": "Box past herself natural land. Window television defense may bank.",
        "precio": "0.13",
        "tipo": "vino",
        "stock": -29889,
        "descripcion": "Market as herself third garden rate. War feel claim garden floor.\nCollege thing billion order officer thousand hold. Moment top art late.\nRead every safe fly buy hold. Pretty section nor pressure.",
        "tiempo_estimado_envio": "02:11:23"
    }
},
{
    "model": "tienda.producto",
    "pk": 21,
    "fields": {
        "nombre": "Would test main agree concern. Early that rate certainly eat away role response.",
        "precio": "0.85",
        "tipo": "vino",
        "stock": 17881,
        "descripcion": "Exactly dark heart measure moment page others. Reason material energy cut join beyond approach. Pm send American us billion face.\nFinally whole wish.",
        "tiempo_estimado_envio": "18:54:14"
    }
},
{
    "model": "tienda.producto",
    "pk": 22,
    "fields": {
        "nombre": "Action or unit record consider time return. Animal general moment rule important trade finally.",
        "precio": "0.28",
        "tipo": "vino",
        "stock": 5401,
        "descripcion": "Partner central during nice. Huge environmental us woman.\nLand some middle focus. Better animal feeling through now second low.",
        "tiempo_estimado_envio": "21:49:54"
    }
},
{
    "model": "tienda.producto",
    "pk": 23,
    "fields": {
        "nombre": "Seat book arrive somebody manage really. Crime commercial it how travel similar.",
        "precio": "0.73",
        "tipo": "vino",
        "stock": -32561,
        "descripcion": "Far major data write nothing cultural. Coach power we most oil. Beat remember each yeah only day possible miss.\nSkill no strong. Newspaper walk through involve case pick.",
        "tiempo_estimado_envio": "14:25:44"
    }
},
{
    "model": "tienda.producto",
    "pk": 24,
    "fields": {
        "nombre": "Opportunity message local service goal say allow. Knowledge force speak meet end because receive.",
        "precio": "0.18",
        "tipo": "vino",
        "stock": 6540,
        "descripcion": "Course possible walk him few science tell. Opportunity up yet garden first involve. This family wind out station marriage cut. City great idea effect tell point year.",
        "tiempo_estimado_envio": "21:14:34"
    }
},
{
    "model": "tienda.producto",
    "pk": 25,
    "fields": {
        "nombre": "Already dark four. Movie mother forward environment set.",
        "precio": "0.07",
        "tipo": "vino",
        "stock": 29075,
        "descripcion": "Goal moment indeed road. Crime one hospital play pattern base. Worker computer star night.\nDay wall several hair best. Change look theory send. Certainly ready grow.",
        "tiempo_estimado_envio": "08:23:38"
    }
},
{
    "model": "tienda.producto",
    "pk": 26,
    "fields": {
        "nombre": "Trip space audience happy soon article special enter. Government seek camera alone nor road fly.",
        "precio": "0.19",
        "tipo": "vino",
        "stock": 7958,
        "descripcion": "Contain reach result tough state research. Worry long order traditional. Movie off family purpose.\nPhone he use lawyer hard I best certain.",
        "tiempo_estimado_envio": "17:47:17"
    }
},
{
    "model": "tienda.producto",
    "pk": 27,
    "fields": {
        "nombre": "Truth report member at million.",
        "precio": "0.83",
        "tipo": "vino",
        "stock": -32031,
        "descripcion": "Democratic among seem expect. Bar send let skill bit well. They eat brother rich history be seven. Business must child success.",
        "tiempo_estimado_envio": "03:18:09"
    }
},
{
    "model": "tienda.producto",
    "pk": 28,
    "fields": {
        "nombre": "Around large mention enjoy movement adult short. Bag listen size enter.",
        "precio": "0.58",
        "tipo": "vino",
        "stock": -1824,
        "descripcion": "Bed guess while health television base. Threat country black go.\nName us shake local report. Style site tonight economic admit wear.",
        "tiempo_estimado_envio": "06:59:18"
    }
},
{
    "model": "tienda.producto",
    "pk": 29,
    "fields": {
        "nombre": "Night past wind and music baby institution. Among exist force so present.",
        "precio": "0.80",
        "tipo": "vino",
        "stock": 6768,
        "descripcion": "Nor across while sometimes. Late population special. Strong always floor decide hot couple follow.",
        "tiempo_estimado_envio": "12:39:43"
    }
},
{
    "model": "tienda.producto",
    "pk": 30,
    "fields": {
        "nombre": "Particularly high term. Eat quickly hear technology operation expect.",
        "precio": "0.92",
        "tipo": "vino",
        "stock": -15748,
        "descripcion": "Reflect hour property need whole. Model technology store behavior of part thousand.\nCapital modern seem final.\nIncrease yourself usually because me work.",
        "tiempo_estimado_envio": "03:33:12"
    }
},
{
    "model": "tienda.producto",
    "pk": 31,
    "fields": {
        "nombre": "Spend standard bag collection wish his speech left. Gas smile conference light generation.",
        "precio": "0.55",
        "tipo": "vino",
        "stock": -2728,
        "descripcion": "Mind oil put trip. Society development trip day.\nEast discuss example nothing.\nBetter west next fast forward. Town world mean about student car teacher. Total land whether per live me throughout.",
        "tiempo_estimado_envio": "08:26:55"
    }
},
{
    "model": "tienda.producto",
    "pk": 32,
    "fields": {
        "nombre": "Science improve our. Help now trade any term oil alone.",
        "precio": "0.04",
        "tipo": "vino",
        "stock": 32269,
        "descripcion": "Buy buy study black reality much. Support care laugh apply design war kid own.\nCollege police production stay. Young will employee respond market. Base decade collection.",
        "tiempo_estimado_envio": "12:07:10"
    }
},
{
    "model": "tienda.producto",
    "pk": 33,
    "fields": {
        "nombre": "Per candidate fund. Certain parent and daughter here arm.",
        "precio": "0.38",
        "tipo": "vino",
        "stock": -6437,
        "descripcion": "Worry write science option.\nList important development subject onto society. Some want finally.\nBall many your whatever show natural. One never imagine.",
        "tiempo_estimado_envio": "11:37:12"
    }
},
{
    "model": "tienda.producto",
    "pk": 34,
    "fields": {
        "nombre": "See front recent medical green. Candidate owner share. Beat sure per.",
        "precio": "0.36",
        "tipo": "vino",
        "stock": 72,
        "descripcion": "Bill pick large social. Above building above. Head less alone hospital design Mr improve. Grow owner report live discussion.",
        "tiempo_estimado_envio": "04:34:13"
    }
},
{
    "model": "tienda.producto",
    "pk": 35,
    "fields": {
        "nombre": "Language thousand create because. Vote explain age for operation animal standard computer.",
        "precio": "0.11",
        "tipo": "vino",
        "stock": 2175,
        "descripcion": "Style ten fast themselves less. Guess market effect listen pull. Visit single couple join space particular.\nNeed seek dinner. Would manager market near available girl.",
        "tiempo_estimado_envio": "22:56:19"
    }
},
{
    "model": "tienda.producto",
    "pk": 36,
    "fields": {
        "nombre": "Others interview and crime cup yeah fact according. Four group old writer can.",
        "precio": "0.58",
        "tipo": "vino",
        "stock": -3304,
        "descripcion": "Order expect study west a. Just happy significant girl sign seat.\nManage feeling base. Number think dream one should bring.",
        "tiempo_estimado_envio": "00:10:51"
    }
},
{
    "model": "tienda.producto",
    "pk": 37,
    "fields": {
        "nombre": "Including trouble line person specific. Pass important current area.",
        "precio": "0.56",
        "tipo": "vino",
        "stock": -29327,
        "descripcion": "Heart movement late star reason short attack. Billion industry nation.\nIncluding nature class medical rock. Visit state his sea. Again along happen least particular.",
        "tiempo_estimado_envio": "15:09:53"
    }
},
{
    "model": "tienda.producto",
    "pk": 38,
    "fields": {
        "nombre": "National she cause everyone everybody nature one study.\nWear threat morning why.",
        "precio": "0.14",
        "tipo": "vino",
        "stock": -4994,
        "descripcion": "Campaign return this world method score. Summer tax her billion change.\nFloor sure all yard magazine. Plan doctor send among beat I almost. Bring condition especially order Mr save police.",
        "tiempo_estimado_envio": "00:04:12"
    }
},
{
    "model": "tienda.producto",
    "pk": 39,
    "fields": {
        "nombre": "Me move war research easy. Suggest body husband Mr partner.",
        "precio": "0.15",
        "tipo": "vino",
        "stock": 1712,
        "descripcion": "Establish nothing begin garden world recognize. Describe street discover soldier during. Drop use watch environment.\nCreate baby follow piece. Page one nor mind system home fund.",
        "tiempo_estimado_envio": "23:21:03"
    }
},
{
    "model": "tienda.producto",
    "pk": 40,
    "fields": {
        "nombre": "Expert office final thank. Again anything officer along her just.",
        "precio": "0.87",
        "tipo": "vino",
        "stock": -18612,
        "descripcion": "Herself significant education field turn girl what. Long change purpose senior successful. Agent force me voice too material.",
        "tiempo_estimado_envio": "20:43:31"
    }
},
{
    "model": "tienda.provedor",
    "pk": 1,
    "fields": {
        "nombre": "Camera morning stock paper like only month benefit. Wear daughter teach surface final sense.",
        "contacto": "West watch open home hand buy three. Man heart old likely involve they.",
        "telefono": "List whom.",
        "correo": "marvinperez@example.com",
        "productos": []
    }
},
{
    "model": "tienda.provedor",
    "pk": 2,
    "fields": {
        "nombre": "Change feeling participant bank each ball. Relate allow with claim. Wait hear base bit door risk.",
        "contacto": "Indicate next travel manager green reach media early. Rich cup drop establish west above.",
        "telefono": "Exist than.",
        "correo": "julieramsey@example.net",
        "productos": []
    }
},
{
    "model": "tienda.provedor",
    "pk": 3,
    "fields": {
        "nombre": "Lay nation imagine even. Development first thought glass. Officer medical out eye yes care.",
        "contacto": "Thing foreign on off next consumer. Item people many plant. Less let country what song.",
        "telefono": "Bit when key.",
        "correo": "nadams@example.com",
        "productos": []
    }
},
{
    "model": "tienda.provedor",
    "pk": 4,
    "fields": {
        "nombre": "Participant item seven me. Exactly share end. Brother shake simply anything.",
        "contacto": "Shoulder subject reality plant person. Big scene relationship give card rate rate.",
        "telefono": "Father kid.",
        "correo": "johnsonlauren@example.com",
        "productos": []
    }
},
{
    "model": "tienda.provedor",
    "pk": 5,
    "fields": {
        "nombre": "Give rather own develop. Do very ability report. East official manage your box. Perhaps west film.",
        "contacto": "Until experience skill two. Theory can see face force.",
        "telefono": "Old training.",
        "correo": "vcarr@example.net",
        "productos": []
    }
},
{
    "model": "tienda.provedor",
    "pk": 6,
    "fields": {
        "nombre": "Field style certain serve by really. Recently design remain together believe per training hair.",
        "contacto": "Wide serious experience soon appear son statement. Us fine individual safe return.",
        "telefono": "Month allow.",
        "correo": "ecasey@example.net",
        "productos": []
    }
},
{
    "model": "tienda.provedor",
    "pk": 7,
    "fields": {
        "nombre": "Court today join difficult report series bit.",
        "contacto": "These computer sit hot service you. Hundred this too wear look investment.",
        "telefono": "Ago recent.",
        "correo": "bakerjeffrey@example.org",
        "productos": []
    }
},
{
    "model": "tienda.provedor",
    "pk": 8,
    "fields": {
        "nombre": "Popular training rest. Hospital kind generation suddenly certainly organization name agent.",
        "contacto": "Accept put job with race officer. Take author save play guess rather. New agreement go only.",
        "telefono": "Who sound form.",
        "correo": "tcantu@example.org",
        "productos": []
    }
},
{
    "model": "tienda.provedor",
    "pk": 9,
    "fields": {
        "nombre": "Focus sister company debate sport. Impact then security more some black impact opportunity.",
        "contacto": "Back say arm edge.",
        "telefono": "None their.",
        "correo": "npreston@example.org",
        "productos": []
    }
},
{
    "model": "tienda.provedor",
    "pk": 10,
    "fields": {
        "nombre": "Reflect similar section will approach style building power. Growth know oil ability the.",
        "contacto": "Sometimes usually last test pick good stop. Thought question past oil.",
        "telefono": "Respond before.",
        "correo": "larry40@example.com",
        "productos": []
    }
},
{
    "model": "tienda.provedor",
    "pk": 11,
    "fields": {
        "nombre": "Scientist else stay letter. Develop some after today international.",
        "contacto": "Go fund challenge explain consider. Five for purpose market. Actually anything chance must.",
        "telefono": "Defense memory.",
        "correo": "beckchristopher@example.org",
        "productos": []
    }
},
{
    "model": "tienda.provedor",
    "pk": 12,
    "fields": {
        "nombre": "Reality challenge Republican manage program. Soon enough nor.",
        "contacto": "Throw near huge apply. Use scientist sense that state.",
        "telefono": "Factor money.",
        "correo": "jack50@example.net",
        "productos": []
    }
},
{
    "model": "tienda.provedor",
    "pk": 13,
    "fields": {
        "nombre": "Suffer send message way these government other. Event hotel early people old budget.",
        "contacto": "Low outside hand else shoulder several less. Area manage computer daughter final a report.",
        "telefono": "Risk go.",
        "correo": "sancheznicole@example.net",
        "productos": []
    }
},
{
    "model": "tienda.provedor",
    "pk": 14,
    "fields": {
        "nombre": "Movie life particular know back. Happen alone back see population. Above policy than left.",
        "contacto": "Rather remember before some street. Section almost to issue.",
        "telefono": "Live create.",
        "correo": "jonstrickland@example.com",
        "productos": []
    }
},
{
    "model": "tienda.provedor",
    "pk": 15,
    "fields": {
        "nombre": "Film collection alone bill head. Answer series reveal across great great evening.",
        "contacto": "Small clear strong tend stop environmental woman. Even note town wait back kid herself officer.",
        "telefono": "Weight citizen.",
        "correo": "maxwell76@example.net",
        "productos": []
    }
},
{
    "model": "tienda.provedor",
    "pk": 16,
    "fields": {
        "nombre": "History dream vote. Case bit employee similar. Democrat until wind. Maybe money need example.",
        "contacto": "Him base heavy cell at lawyer.",
        "telefono": "Development to.",
        "correo": "hamiltonparker@example.org",
        "productos": []
    }
},
{
    "model": "tienda.provedor",
    "pk": 17,
    "fields": {
        "nombre": "Stay remember everybody human entire. Oil population continue side.",
        "contacto": "Offer situation particularly painting wonder think. Discuss list seven than. Mission here usually.",
        "telefono": "Show attack.",
        "correo": "melissa24@example.org",
        "productos": []
    }
},
{
    "model": "tienda.provedor",
    "pk": 18,
    "fields": {
        "nombre": "Alone serious step middle local history property. Degree nature beat nice.",
        "contacto": "Daughter across road agent party ok thought realize. Hear without let activity.",
        "telefono": "Role local.",
        "correo": "olsendanielle@example.net",
        "productos": []
    }
},
{
    "model": "tienda.provedor",
    "pk": 19,
    "fields": {
        "nombre": "School room a writer small capital. Child song tend rate own.",
        "contacto": "Cover form parent remain. Upon film close nation show no finally. Find my work seat.",
        "telefono": "World tough.",
        "correo": "michellegraves@example.org",
        "productos": []
    }
},
{
    "model": "tienda.provedor",
    "pk": 20,
    "fields": {
        "nombre": "Various among decision life. Bill current game mention together development where.",
        "contacto": "Them animal boy produce gun cover. Capital peace half evidence above.",
        "telefono": "Attorney will.",
        "correo": "vaughnruben@example.net",
        "productos": []
    }
},
{
    "model": "tienda.provedor",
    "pk": 21,
    "fields": {
        "nombre": "Almost fill indeed despite top popular building.",
        "contacto": "Hear public though check. Each major significant not evening meeting garden.",
        "telefono": "Anything.",
        "correo": "ldunn@example.org",
        "productos": []
    }
},
{
    "model": "tienda.provedor",
    "pk": 22,
    "fields": {
        "nombre": "Edge happy over pick tax. Four whom nice edge plan father leave.\nStory far player space good.",
        "contacto": "However maybe already executive PM but. Natural he somebody cause.",
        "telefono": "Summer which.",
        "correo": "christopherdavis@example.org",
        "productos": []
    }
},
{
    "model": "tienda.provedor",
    "pk": 23,
    "fields": {
        "nombre": "Great eat area attention street responsibility report. Specific behavior stuff state.",
        "contacto": "Summer bar as writer season century ability. Land amount program weight always hope behavior small.",
        "telefono": "For with offer.",
        "correo": "omar99@example.org",
        "productos": []
    }
},
{
    "model": "tienda.provedor",
    "pk": 24,
    "fields": {
        "nombre": "Student onto manager season heavy. Never current public. Medical capital carry.",
        "contacto": "Space other while human. Floor seek party consumer perform suggest watch.",
        "telefono": "Like.",
        "correo": "alison49@example.net",
        "productos": []
    }
},
{
    "model": "tienda.provedor",
    "pk": 25,
    "fields": {
        "nombre": "Material next lawyer information mother claim. Research lay family purpose turn we decision.",
        "contacto": "Pay identify seem various matter money skill before.",
        "telefono": "Wait black.",
        "correo": "xschultz@example.com",
        "productos": []
    }
},
{
    "model": "tienda.provedor",
    "pk": 26,
    "fields": {
        "nombre": "Music capital she. Total miss hear others.\nDesign in need manager. Want western old might.",
        "contacto": "Detail send well.",
        "telefono": "Think three.",
        "correo": "haley15@example.com",
        "productos": []
    }
},
{
    "model": "tienda.provedor",
    "pk": 27,
    "fields": {
        "nombre": "Likely response dinner price. Whose memory very. We position product travel throughout face sing.",
        "contacto": "Ground generation like even. Hope director message clearly.",
        "telefono": "Body ground.",
        "correo": "floreskristi@example.com",
        "productos": []
    }
},
{
    "model": "tienda.provedor",
    "pk": 28,
    "fields": {
        "nombre": "Maybe nice family. Admit power open fly per be.",
        "contacto": "Series mouth small road defense feel social. Seat girl state. Talk occur discuss.",
        "telefono": "Sister summer.",
        "correo": "heatheralvarez@example.org",
        "productos": []
    }
},
{
    "model": "tienda.provedor",
    "pk": 29,
    "fields": {
        "nombre": "Yard myself cause big.\nImprove hear send but people world.",
        "contacto": "Rock poor character in until. Future develop out section under as ground.",
        "telefono": "Create begin.",
        "correo": "jared25@example.com",
        "productos": []
    }
},
{
    "model": "tienda.provedor",
    "pk": 30,
    "fields": {
        "nombre": "Agent civil then newspaper. Administration expert shoulder. Red degree production majority.",
        "contacto": "The ok many. Friend world society because entire city. Order upon piece room.",
        "telefono": "Important.",
        "correo": "stephaniepeterson@example.net",
        "productos": []
    }
},
{
    "model": "tienda.provedor",
    "pk": 31,
    "fields": {
        "nombre": "Mean term public begin. Already least actually never break same. Offer wife issue cost radio.",
        "contacto": "High write daughter wish true analysis. Live rule do stop goal major.",
        "telefono": "Police while.",
        "correo": "ericking@example.net",
        "productos": []
    }
},
{
    "model": "tienda.provedor",
    "pk": 32,
    "fields": {
        "nombre": "Break reach tree able sort economy process. Issue stuff third less treatment customer.",
        "contacto": "Study north foreign news term next rock according. Above most scene determine old will serve.",
        "telefono": "Call share.",
        "correo": "katherine00@example.org",
        "productos": []
    }
},
{
    "model": "tienda.provedor",
    "pk": 33,
    "fields": {
        "nombre": "And miss realize end foreign. Reveal box which score meeting prevent.",
        "contacto": "Perhaps cause still religious million. Develop west data walk religious.",
        "telefono": "Could thousand.",
        "correo": "lmccarthy@example.net",
        "productos": []
    }
},
{
    "model": "tienda.provedor",
    "pk": 34,
    "fields": {
        "nombre": "Section material medical form. Imagine month well expect condition.",
        "contacto": "Option later under common force wear foreign. Spend parent hit.\nTraditional fact agent thing.",
        "telefono": "Someone PM bag.",
        "correo": "pbranch@example.net",
        "productos": []
    }
},
{
    "model": "tienda.provedor",
    "pk": 35,
    "fields": {
        "nombre": "Manage cup through avoid forward laugh. Mouth season young thus sit.",
        "contacto": "Dream writer along never often help instead. Tonight probably bar stay our.",
        "telefono": "Million mouth.",
        "correo": "rhondamcgee@example.org",
        "productos": []
    }
},
{
    "model": "tienda.provedor",
    "pk": 36,
    "fields": {
        "nombre": "Everything certain white look. Decide figure language serve certain.",
        "contacto": "Plant type chair night responsibility.",
        "telefono": "Do important.",
        "correo": "tiffany85@example.org",
        "productos": []
    }
},
{
    "model": "tienda.provedor",
    "pk": 37,
    "fields": {
        "nombre": "Standard analysis address east door focus never yeah. Opportunity guess determine former job hope.",
        "contacto": "Least impact company understand. With past along around religious.",
        "telefono": "Yard born.",
        "correo": "jimmylarsen@example.org",
        "productos": []
    }
},
{
    "model": "tienda.provedor",
    "pk": 38,
    "fields": {
        "nombre": "Other chance ever prepare identify Democrat build. Congress guess drop beautiful relate half.",
        "contacto": "Meet simply bag consider authority guess. Discover end drive can resource single point.",
        "telefono": "Plan off.",
        "correo": "nsandoval@example.com",
        "productos": []
    }
},
{
    "model": "tienda.provedor",
    "pk": 39,
    "fields": {
        "nombre": "Lose you television pressure. Return management still bill yes.",
        "contacto": "Blue tough security their. Law model firm close. Agree sure leader world.",
        "telefono": "Center parent.",
        "correo": "kimberly39@example.org",
        "productos": []
    }
},
{
    "model": "tienda.provedor",
    "pk": 40,
    "fields": {
        "nombre": "Perhaps including night win beyond. Sense garden bill career center meeting wish.",
        "contacto": "Strategy sound rate chair teacher field late. Work know prepare approach two trouble.",
        "telefono": "Court teach.",
        "correo": "jane11@example.net",
        "productos": []
    }
},
{
    "model": "tienda.inventario",
    "pk": 1,
    "fields": {
        "producto": 6,
        "cantidad_disponible": -19469,
        "ubicacion": "South five something this. Sell wait sell film value rule. Hear it together perhaps.",
        "minimo_requerido": -668,
        "fecha_actualizacion": "1997-03-02"
    }
},
{
    "model": "tienda.inventario",
    "pk": 2,
    "fields": {
        "producto": 14,
        "cantidad_disponible": -3839,
        "ubicacion": "Use away and five from determine.",
        "minimo_requerido": 4423,
        "fecha_actualizacion": "1984-11-12"
    }
},
{
    "model": "tienda.inventario",
    "pk": 3,
    "fields": {
        "producto": 17,
        "cantidad_disponible": -31391,
        "ubicacion": "Possible return skill anyone state party majority moment. Interesting set head.",
        "minimo_requerido": -7804,
        "fecha_actualizacion": "2012-08-19"
    }
},
{
    "model": "tienda.inventario",
    "pk": 4,
    "fields": {
        "producto": 9,
        "cantidad_disponible": -11001,
        "ubicacion": "Break west type suffer focus someone.",
        "minimo_requerido": 425,
        "fecha_actualizacion": "1981-03-29"
    }
},
{
    "model": "tienda.inventario",
    "pk": 5,
    "fields": {
        "producto": 1,
        "cantidad_disponible": 2809,
        "ubicacion": "Prepare team member training thus money itself.",
        "minimo_requerido": 29555,
        "fecha_actualizacion": "1970-11-29"
    }
},
{
    "model": "tienda.inventario",
    "pk": 6,
    "fields": {
        "producto": 11,
        "cantidad_disponible": -17598,
        "ubicacion": "Teacher air yes rich.\nSuccess American still expect another.",
        "minimo_requerido": 5866,
        "fecha_actualizacion": "2012-06-21"
    }
},
{
    "model": "tienda.inventario",
    "pk": 7,
    "fields": {
        "producto": 8,
        "cantidad_disponible": -17112,
        "ubicacion": "Society everything establish skill. Especially inside record age pass economy middle.",
        "minimo_requerido": -23893,
        "fecha_actualizacion": "1995-09-25"
    }
},
{
    "model": "tienda.inventario",
    "pk": 8,
    "fields": {
        "producto": 3,
        "cantidad_disponible": 16511,
        "ubicacion": "Office about occur responsibility. Activity wonder others team writer.\nCan rather throw wide into.",
        "minimo_requerido": 17871,
        "fecha_actualizacion": "1970-10-12"
    }
},
{
    "model": "tienda.inventario",
    "pk": 9,
    "fields": {
        "producto": 13,
        "cantidad_disponible": -1303,
        "ubicacion": "Give agent at building address else. Involve head describe section.",
        "minimo_requerido": -6056,
        "fecha_actualizacion": "1972-07-12"
    }
},
{
    "model": "tienda.inventario",
    "pk": 10,
    "fields": {
        "producto": 16,
        "cantidad_disponible": 16646,
        "ubicacion": "Author institution pattern early central. City oil could avoid. Trial back traditional agent.",
        "minimo_requerido": 30312,
        "fecha_actualizacion": "2013-10-02"
    }
},
{
    "model": "tienda.inventario",
    "pk": 11,
    "fields": {
        "producto": 19,
        "cantidad_disponible": 5123,
        "ubicacion": "Thus option whose think dark might. Table movie draw design live. About boy interest main.",
        "minimo_requerido": -30578,
        "fecha_actualizacion": "1992-11-01"
    }
},
{
    "model": "tienda.inventario",
    "pk": 12,
    "fields": {
        "producto": 4,
        "cantidad_disponible": -14137,
        "ubicacion": "During development control. Miss responsibility control hope religious.",
        "minimo_requerido": -28643,
        "fecha_actualizacion": "2003-05-01"
    }
},
{
    "model": "tienda.inventario",
    "pk": 13,
    "fields": {
        "producto": 20,
        "cantidad_disponible": 27842,
        "ubicacion": "Recognize commercial show general score piece crime. Rock serve outside way section class wind.",
        "minimo_requerido": -15131,
        "fecha_actualizacion": "1980-02-22"
    }
},
{
    "model": "tienda.inventario",
    "pk": 14,
    "fields": {
        "producto": 10,
        "cantidad_disponible": -18205,
        "ubicacion": "Feel this agree nation Democrat. Morning physical visit.",
        "minimo_requerido": 26392,
        "fecha_actualizacion": "2007-09-03"
    }
},
{
    "model": "tienda.inventario",
    "pk": 15,
    "fields": {
        "producto": 2,
        "cantidad_disponible": -15326,
        "ubicacion": "Floor well quality get detail perhaps plant. Material push sense since.",
        "minimo_requerido": -21085,
        "fecha_actualizacion": "2024-02-22"
    }
},
{
    "model": "tienda.inventario",
    "pk": 16,
    "fields": {
        "producto": 15,
        "cantidad_disponible": 6059,
        "ubicacion": "Usually senior water. Film half long well paper.\nTime trip partner. Collection image speak.",
        "minimo_requerido": 15777,
        "fecha_actualizacion": "2012-09-27"
    }
},
{
    "model": "tienda.inventario",
    "pk": 17,
    "fields": {
        "producto": 12,
        "cantidad_disponible": -14018,
        "ubicacion": "Father indicate fly start open travel against other. Despite threat medical note.",
        "minimo_requerido": -8068,
        "fecha_actualizacion": "1980-10-14"
    }
},
{
    "model": "tienda.inventario",
    "pk": 18,
    "fields": {
        "producto": 5,
        "cantidad_disponible": 12723,
        "ubicacion": "Can cause pull activity.",
        "minimo_requerido": -15628,
        "fecha_actualizacion": "1981-08-11"
    }
},
{
    "model": "tienda.inventario",
    "pk": 19,
    "fields": {
        "producto": 7,
        "cantidad_disponible": -28423,
        "ubicacion": "Nature response student black natural TV blue. Mr model south speak condition break beautiful.",
        "minimo_requerido": -30392,
        "fecha_actualizacion": "1992-08-03"
    }
},
{
    "model": "tienda.inventario",
    "pk": 20,
    "fields": {
        "producto": 18,
        "cantidad_disponible": 9001,
        "ubicacion": "Affect base create month floor.",
        "minimo_requerido": -20956,
        "fecha_actualizacion": "2000-10-23"
    }
},
{
    "model": "tienda.inventario",
    "pk": 21,
    "fields": {
        "producto": 40,
        "cantidad_disponible": 28981,
        "ubicacion": "Project better or central how her factor choose. Not their property pressure.",
        "minimo_requerido": 4188,
        "fecha_actualizacion": "1975-09-12"
    }
},
{
    "model": "tienda.inventario",
    "pk": 22,
    "fields": {
        "producto": 25,
        "cantidad_disponible": 13810,
        "ubicacion": "Least bed fly any field team show. Individual indeed claim manager explain dream.",
        "minimo_requerido": -21397,
        "fecha_actualizacion": "1990-01-26"
    }
},
{
    "model": "tienda.inventario",
    "pk": 23,
    "fields": {
        "producto": 22,
        "cantidad_disponible": -18105,
        "ubicacion": "Else lead skin agency. News soon create medical.\nHimself majority wait.",
        "minimo_requerido": 3802,
        "fecha_actualizacion": "2004-06-24"
    }
},
{
    "model": "tienda.inventario",
    "pk": 24,
    "fields": {
        "producto": 34,
        "cantidad_disponible": -13531,
        "ubicacion": "Decade American once plant blood. Material international hour. She event decide stage center.",
        "minimo_requerido": 16220,
        "fecha_actualizacion": "1975-09-16"
    }
},
{
    "model": "tienda.inventario",
    "pk": 25,
    "fields": {
        "producto": 21,
        "cantidad_disponible": 14406,
        "ubicacion": "Support play loss machine head worker. Goal arrive discover similar describe.",
        "minimo_requerido": -25901,
        "fecha_actualizacion": "2003-10-10"
    }
},
{
    "model": "tienda.inventario",
    "pk": 26,
    "fields": {
        "producto": 28,
        "cantidad_disponible": -6,
        "ubicacion": "Side authority push. Avoid modern half successful finally phone all. Role positive station dog.",
        "minimo_requerido": -31302,
        "fecha_actualizacion": "2004-12-21"
    }
},
{
    "model": "tienda.inventario",
    "pk": 27,
    "fields": {
        "producto": 24,
        "cantidad_disponible": -30786,
        "ubicacion": "Democratic start program. Painting hot above power. Read hundred final.",
        "minimo_requerido": 22921,
        "fecha_actualizacion": "2015-04-09"
    }
},
{
    "model": "tienda.inventario",
    "pk": 28,
    "fields": {
        "producto": 29,
        "cantidad_disponible": 25921,
        "ubicacion": "Because water alone future. Congress understand become blood structure do.\nOur newspaper film then.",
        "minimo_requerido": -415,
        "fecha_actualizacion": "2012-01-24"
    }
},
{
    "model": "tienda.inventario",
    "pk": 29,
    "fields": {
        "producto": 35,
        "cantidad_disponible": -9639,
        "ubicacion": "Issue western party chair police local guess anyone. Morning campaign why.",
        "minimo_requerido": -13606,
        "fecha_actualizacion": "1990-08-20"
    }
},
{
    "model": "tienda.inventario",
    "pk": 30,
    "fields": {
        "producto": 31,
        "cantidad_disponible": -20624,
        "ubicacion": "Loss about expert benefit talk focus. Meeting past north themselves night indicate anyone.",
        "minimo_requerido": -17795,
        "fecha_actualizacion": "1984-11-11"
    }
},
{
    "model": "tienda.inventario",
    "pk": 31,
    "fields": {
        "producto": 32,
        "cantidad_disponible": 2519,
        "ubicacion": "Serve usually on remember too. Herself or billion too share. Sound property indeed leave along.",
        "minimo_requerido": 24018,
        "fecha_actualizacion": "1985-10-30"
    }
},
{
    "model": "tienda.inventario",
    "pk": 32,
    "fields": {
        "producto": 30,
        "cantidad_disponible": 16134,
        "ubicacion": "Pass challenge father letter. Black rise actually hope small.",
        "minimo_requerido": 5108,
        "fecha_actualizacion": "1980-05-11"
    }
},
{
    "model": "tienda.inventario",
    "pk": 33,
    "fields": {
        "producto": 33,
        "cantidad_disponible": -6562,
        "ubicacion": "Area foreign life policy research ago interview wife. Appear able happen others only economic add.",
        "minimo_requerido": -27999,
        "fecha_actualizacion": "2017-10-14"
    }
},
{
    "model": "tienda.inventario",
    "pk": 34,
    "fields": {
        "producto": 23,
        "cantidad_disponible": 13495,
        "ubicacion": "Feeling this religious technology identify specific three. Citizen front fish over fly word team.",
        "minimo_requerido": -5003,
        "fecha_actualizacion": "2002-05-08"
    }
},
{
    "model": "tienda.inventario",
    "pk": 35,
    "fields": {
        "producto": 37,
        "cantidad_disponible": 6567,
        "ubicacion": "Hit how upon reason. War sport base feeling ok inside order.",
        "minimo_requerido": -208,
        "fecha_actualizacion": "1994-09-15"
    }
},
{
    "model": "tienda.inventario",
    "pk": 36,
    "fields": {
        "producto": 36,
        "cantidad_disponible": -2837,
        "ubicacion": "Share form pick current front others knowledge lead. Protect nature great.",
        "minimo_requerido": 10974,
        "fecha_actualizacion": "2011-05-11"
    }
},
{
    "model": "tienda.inventario",
    "pk": 37,
    "fields": {
        "producto": 38,
        "cantidad_disponible": 25066,
        "ubicacion": "Price spend born most race let. Parent at and music. Change father system.",
        "minimo_requerido": -25424,
        "fecha_actualizacion": "2013-07-23"
    }
},
{
    "model": "tienda.inventario",
    "pk": 38,
    "fields": {
        "producto": 26,
        "cantidad_disponible": 23283,
        "ubicacion": "Pressure child across view evidence total save. Detail bad born scene hear assume.",
        "minimo_requerido": -29602,
        "fecha_actualizacion": "2004-12-08"
    }
},
{
    "model": "tienda.inventario",
    "pk": 39,
    "fields": {
        "producto": 27,
        "cantidad_disponible": -8305,
        "ubicacion": "Among which head produce. Major because degree probably.",
        "minimo_requerido": 18473,
        "fecha_actualizacion": "1970-12-07"
    }
},
{
    "model": "tienda.inventario",
    "pk": 40,
    "fields": {
        "producto": 39,
        "cantidad_disponible": -14505,
        "ubicacion": "Low watch among citizen care toward. Drop character whom identify capital.",
        "minimo_requerido": -11096,
        "fecha_actualizacion": "1973-12-02"
    }
},
{
    "model": "tienda.categoria",
    "pk": 1,
    "fields": {
        "nombre": "Talk position every hear set member someone. Door option series item including laugh.",
        "descripcion": "Chance level certainly side black care represent instead. Do experience cost rise data. Magazine some fast system.\nFast finish then break itself miss our.",
        "fecha_creacion": "2025-01-20",
        "estado": "activo",
        "prioridad": 1
    }
},
{
    "model": "tienda.categoria",
    "pk": 2,
    "fields": {
        "nombre": "High close without. Onto resource improve old. Person middle woman image break.",
        "descripcion": "Room popular meeting minute.\nPull war girl break. Resource national which foot. Specific live way story. Computer against whether security suggest.\nFace prepare find understand.",
        "fecha_creacion": "2025-01-20",
        "estado": "activo",
        "prioridad": 1
    }
},
{
    "model": "tienda.categoria",
    "pk": 3,
    "fields": {
        "nombre": "Mean hot choice Mrs. Now company respond cultural under.",
        "descripcion": "Choose recognize member card prove together. Lose create activity girl her. Later music me fight spring.",
        "fecha_creacion": "2025-01-20",
        "estado": "activo",
        "prioridad": 1
    }
},
{
    "model": "tienda.categoria",
    "pk": 4,
    "fields": {
        "nombre": "Probably just control risk street.",
        "descripcion": "Physical manager part describe exactly beautiful day. Various son crime into.\nLate artist believe rather model movement. Exist on event face.",
        "fecha_creacion": "2025-01-20",
        "estado": "activo",
        "prioridad": 1
    }
},
{
    "model": "tienda.categoria",
    "pk": 5,
    "fields": {
        "nombre": "Often lead politics admit. Whose value data despite group yet family to.",
        "descripcion": "Receive wrong Republican always prepare. Spend eight small make protect. Take child activity player move nor.\nNotice strong civil particular share technology.",
        "fecha_creacion": "2025-01-20",
        "estado": "activo",
        "prioridad": 1
    }
},
{
    "model": "tienda.categoria",
    "pk": 6,
    "fields": {
        "nombre": "Discuss detail billion. Three group science new model decision.",
        "descripcion": "Machine case product term. Executive it pay question technology capital again.",
        "fecha_creacion": "2025-01-20",
        "estado": "activo",
        "prioridad": 1
    }
},
{
    "model": "tienda.categoria",
    "pk": 7,
    "fields": {
        "nombre": "Million positive international glass dream brother. Issue pull song sure other.",
        "descripcion": "Region analysis now once anyone matter. Reason stand building two. Reduce same left theory.",
        "fecha_creacion": "2025-01-20",
        "estado": "activo",
        "prioridad": 1
    }
},
{
    "model": "tienda.categoria",
    "pk": 8,
    "fields": {
        "nombre": "High purpose Democrat energy total though strategy. These decide century himself detail.",
        "descripcion": "Yet fine its scientist player. Yourself writer act event part someone federal. Claim statement artist team together project stock.",
        "fecha_creacion": "2025-01-20",
        "estado": "activo",
        "prioridad": 1
    }
},
{
    "model": "tienda.categoria",
    "pk": 9,
    "fields": {
        "nombre": "Leave image bed. Site ask manage south. Any meeting cut section beautiful.",
        "descripcion": "Difference both especially play with. Large sign day act guy force hospital. Cell figure close military suddenly like major.\nRecord sort foot gun. Role her event provide choose personal home clearly.",
        "fecha_creacion": "2025-01-20",
        "estado": "activo",
        "prioridad": 1
    }
},
{
    "model": "tienda.categoria",
    "pk": 10,
    "fields": {
        "nombre": "Act around ready positive fall event action. Could region power cover.",
        "descripcion": "Office feel especially structure fast though. Population meeting and gun.",
        "fecha_creacion": "2025-01-20",
        "estado": "activo",
        "prioridad": 1
    }
},
{
    "model": "tienda.categoria",
    "pk": 11,
    "fields": {
        "nombre": "Per environment likely sea information. Simply talk onto. Hope dog his specific.",
        "descripcion": "Job phone relate human mouth society. Edge activity medical one dinner expert.\nFull cost war toward important possible. Us respond per follow.",
        "fecha_creacion": "2025-01-20",
        "estado": "activo",
        "prioridad": 1
    }
},
{
    "model": "tienda.categoria",
    "pk": 12,
    "fields": {
        "nombre": "Shoulder oil by nice hear contain hand. Grow culture station lead contain arrive culture.",
        "descripcion": "Southern threat area mention sign and. Five capital support seat ability spend.\nInterview which set sea movie view. Traditional summer my stuff western toward situation.",
        "fecha_creacion": "2025-01-20",
        "estado": "activo",
        "prioridad": 1
    }
},
{
    "model": "tienda.categoria",
    "pk": 13,
    "fields": {
        "nombre": "Owner exactly customer event stock similar represent. Administration surface on nature short view.",
        "descripcion": "Husband police business car. Mission great force wide bring heavy total. Behavior mission stock.",
        "fecha_creacion": "2025-01-20",
        "estado": "activo",
        "prioridad": 1
    }
},
{
    "model": "tienda.categoria",
    "pk": 14,
    "fields": {
        "nombre": "Impact letter at put. Never bank color. Allow mention street heavy.",
        "descripcion": "Page physical health security senior per. Quickly course accept feel camera truth. Anything scientist ready thought physical order. Case buy event policy forget.",
        "fecha_creacion": "2025-01-20",
        "estado": "activo",
        "prioridad": 1
    }
},
{
    "model": "tienda.categoria",
    "pk": 15,
    "fields": {
        "nombre": "Assume lead fund write wish. Civil west cover force meeting.",
        "descripcion": "East star any everyone although speak appear.\nRather itself these shake. Leader support federal evening dream two.\nForeign fill great be believe building price. Early set enjoy.",
        "fecha_creacion": "2025-01-20",
        "estado": "activo",
        "prioridad": 1
    }
},
{
    "model": "tienda.categoria",
    "pk": 16,
    "fields": {
        "nombre": "Short plan prevent particularly. Specific expect money leader sign.",
        "descripcion": "Pretty discussion chair more product home support. Ground who professional increase finish.",
        "fecha_creacion": "2025-01-20",
        "estado": "activo",
        "prioridad": 1
    }
},
{
    "model": "tienda.categoria",
    "pk": 17,
    "fields": {
        "nombre": "Between get choice. Market million sign social then.",
        "descripcion": "Lot news popular capital prepare sure. Important responsibility citizen culture ability.\nTheory account record condition will myself. Fire rise couple thus popular our.",
        "fecha_creacion": "2025-01-20",
        "estado": "activo",
        "prioridad": 1
    }
},
{
    "model": "tienda.categoria",
    "pk": 18,
    "fields": {
        "nombre": "Goal view PM also. Watch any western away sing remain. Off how hour money hold challenge season.",
        "descripcion": "Newspaper season figure call magazine today according large. Gun risk off according adult level.",
        "fecha_creacion": "2025-01-20",
        "estado": "activo",
        "prioridad": 1
    }
},
{
    "model": "tienda.categoria",
    "pk": 19,
    "fields": {
        "nombre": "Human mean dream rate size short sense agent. West big collection usually. Imagine to discussion.",
        "descripcion": "Left money sound candidate. Despite page ever interest whole leg.\nBox today region old clearly action. Here small matter eight defense.",
        "fecha_creacion": "2025-01-20",
        "estado": "activo",
        "prioridad": 1
    }
},
{
    "model": "tienda.categoria",
    "pk": 20,
    "fields": {
        "nombre": "By vote head mission. Decade end significant arrive mind thank Mr.",
        "descripcion": "Hope feeling theory window catch whose tend. Act where thousand soon food officer notice.",
        "fecha_creacion": "2025-01-20",
        "estado": "activo",
        "prioridad": 1
    }
},
{
    "model": "tienda.categoria",
    "pk": 21,
    "fields": {
        "nombre": "Example security himself every parent majority. Window nothing ability common ground.",
        "descripcion": "Shoulder participant religious the. Certain why give. Product director task couple take stop.",
        "fecha_creacion": "2025-01-20",
        "estado": "activo",
        "prioridad": 1
    }
},
{
    "model": "tienda.categoria",
    "pk": 22,
    "fields": {
        "nombre": "Part role different cut give figure.\nSit culture yard nothing team. Measure share true.",
        "descripcion": "Wind full color field put stage. Every hair serve effort. Traditional other land why three serious.\nCan time rock reveal. Yet situation your study travel wear under.",
        "fecha_creacion": "2025-01-20",
        "estado": "activo",
        "prioridad": 1
    }
},
{
    "model": "tienda.categoria",
    "pk": 23,
    "fields": {
        "nombre": "Book such probably.\nMovie south stop keep project project throughout. Tonight type read provide.",
        "descripcion": "Various floor management administration star crime. Especially third adult magazine pattern organization. Certainly receive but or position.",
        "fecha_creacion": "2025-01-20",
        "estado": "activo",
        "prioridad": 1
    }
},
{
    "model": "tienda.categoria",
    "pk": 24,
    "fields": {
        "nombre": "State best style. Red too successful mention letter.",
        "descripcion": "Risk hot surface sort none public. Else rest while herself person pretty present. Stuff perhaps board people single alone. Building structure life vote everyone feeling.",
        "fecha_creacion": "2025-01-20",
        "estado": "activo",
        "prioridad": 1
    }
},
{
    "model": "tienda.categoria",
    "pk": 25,
    "fields": {
        "nombre": "Question economic everyone them I. Relationship want rule reduce fly free exist me.",
        "descripcion": "Career partner watch including window require. Young apply especially. Dog site red power probably situation.",
        "fecha_creacion": "2025-01-20",
        "estado": "activo",
        "prioridad": 1
    }
},
{
    "model": "tienda.categoria",
    "pk": 26,
    "fields": {
        "nombre": "Tough less degree wall. How public message easy.",
        "descripcion": "No onto call back. Top attention guess listen.\nArtist group accept. Father some in serious rest great station. Skin me artist.",
        "fecha_creacion": "2025-01-20",
        "estado": "activo",
        "prioridad": 1
    }
},
{
    "model": "tienda.categoria",
    "pk": 27,
    "fields": {
        "nombre": "Son wonder all production herself yeah.",
        "descripcion": "Might whether continue foot true account these hot. Guy several fine somebody. Test rather high identify. Note the health stand drug finish.\nSurface expect parent western clear.",
        "fecha_creacion": "2025-01-20",
        "estado": "activo",
        "prioridad": 1
    }
},
{
    "model": "tienda.categoria",
    "pk": 28,
    "fields": {
        "nombre": "Next star fact news participant.\nTop others paper least these name executive.",
        "descripcion": "Car remember century when. Low stock activity rather claim debate.\nWhen area social feel. Role power land amount.\nOpen line return. Leg sort lawyer their responsibility pay.",
        "fecha_creacion": "2025-01-20",
        "estado": "activo",
        "prioridad": 1
    }
},
{
    "model": "tienda.categoria",
    "pk": 29,
    "fields": {
        "nombre": "Education end win hope for. Decide kitchen ask really clearly government fall.",
        "descripcion": "Receive real thought history follow. Impact central star leg.\nDeal will mouth.\nDrug interview provide movie window. Church rise woman news gun.",
        "fecha_creacion": "2025-01-20",
        "estado": "activo",
        "prioridad": 1
    }
},
{
    "model": "tienda.categoria",
    "pk": 30,
    "fields": {
        "nombre": "Present anything medical tough. Dog well big system none matter far.",
        "descripcion": "Later receive product can.\nKitchen anyone technology officer worker. Board modern senior cell.\nRecently have report art see. Young meeting despite son pressure.",
        "fecha_creacion": "2025-01-20",
        "estado": "activo",
        "prioridad": 1
    }
},
{
    "model": "tienda.categoria",
    "pk": 31,
    "fields": {
        "nombre": "Whose upon field pay sister. Coach minute per. Seek success beat development that.",
        "descripcion": "Know before occur.\nLot article final stuff. Air party central pressure admit. Safe then environmental lawyer fall certain.\nFederal picture able tax so. Four agree safe.",
        "fecha_creacion": "2025-01-20",
        "estado": "activo",
        "prioridad": 1
    }
},
{
    "model": "tienda.categoria",
    "pk": 32,
    "fields": {
        "nombre": "Still then authority believe turn war reach. Speech down keep high forward college buy painting.",
        "descripcion": "Standard door authority final.\nBelieve accept describe find however where. Rate better age in.",
        "fecha_creacion": "2025-01-20",
        "estado": "activo",
        "prioridad": 1
    }
},
{
    "model": "tienda.categoria",
    "pk": 33,
    "fields": {
        "nombre": "Source top into involve life force officer. Though rule ten get certain.",
        "descripcion": "Record international by choose call him. Blood kind computer management get occur various. Range heart agent. Must way program toward everything throughout night.",
        "fecha_creacion": "2025-01-20",
        "estado": "activo",
        "prioridad": 1
    }
},
{
    "model": "tienda.categoria",
    "pk": 34,
    "fields": {
        "nombre": "Reality not wonder off. Anyone black leave.",
        "descripcion": "Bad might sometimes image. Be opportunity many through as. Sister marriage upon run. Protect picture time single election.\nSure suffer glass. Any visit single organization task line single father.",
        "fecha_creacion": "2025-01-20",
        "estado": "activo",
        "prioridad": 1
    }
},
{
    "model": "tienda.categoria",
    "pk": 35,
    "fields": {
        "nombre": "National mouth poor. Never week there. Nothing speak as hair.",
        "descripcion": "News take development American.\nSort environment population assume affect. Black he about discuss woman. Base four full business future her show.",
        "fecha_creacion": "2025-01-20",
        "estado": "activo",
        "prioridad": 1
    }
},
{
    "model": "tienda.categoria",
    "pk": 36,
    "fields": {
        "nombre": "Try think month national. Allow power her west ever election give spend.",
        "descripcion": "Reveal statement hard live could themselves. Image hit newspaper there.",
        "fecha_creacion": "2025-01-20",
        "estado": "activo",
        "prioridad": 1
    }
},
{
    "model": "tienda.categoria",
    "pk": 37,
    "fields": {
        "nombre": "Various still recognize nation power bill. Let might form interesting at go reveal.",
        "descripcion": "Strong computer when important. A media structure still your.\nUs knowledge its explain family rest. Wide together statement actually list. That also or could social drive move.",
        "fecha_creacion": "2025-01-20",
        "estado": "activo",
        "prioridad": 1
    }
},
{
    "model": "tienda.categoria",
    "pk": 38,
    "fields": {
        "nombre": "Identify send Congress. Direction watch value industry. Child perhaps work fear upon.",
        "descripcion": "Quite represent hot full foot.\nClearly feeling car question. Report across begin air common my thing. Such almost agree month maintain.",
        "fecha_creacion": "2025-01-20",
        "estado": "activo",
        "prioridad": 1
    }
},
{
    "model": "tienda.categoria",
    "pk": 39,
    "fields": {
        "nombre": "Mrs amount computer return. Than usually produce. Simply live ok point no rather.",
        "descripcion": "Seven research job war.\nBudget arrive take grow student road. Economic service month. Early tough he ground.",
        "fecha_creacion": "2025-01-20",
        "estado": "activo",
        "prioridad": 1
    }
},
{
    "model": "tienda.categoria",
    "pk": 40,
    "fields": {
        "nombre": "Claim nor serious television until fine. Follow establish pretty toward price off form.",
        "descripcion": "Minute goal create agreement church. Television bag old production car teacher American.",
        "fecha_creacion": "2025-01-20",
        "estado": "activo",
        "prioridad": 1
    }
},
{
    "model": "tienda.productocategoria",
    "pk": 1,
    "fields": {
        "producto": 1,
        "categoria": 3,
        "fecha_asociacion": "2025-01-20",
        "nota_adicional": "",
        "estado": "activo"
    }
},
{
    "model": "tienda.productocategoria",
    "pk": 2,
    "fields": {
        "producto": 1,
        "categoria": 16,
        "fecha_asociacion": "2025-01-20",
        "nota_adicional": "",
        "estado": "activo"
    }
},
{
    "model": "tienda.productocategoria",
    "pk": 3,
    "fields": {
        "producto": 1,
        "categoria": 5,
        "fecha_asociacion": "2025-01-20",
        "nota_adicional": "",
        "estado": "activo"
    }
},
{
    "model": "tienda.productocategoria",
    "pk": 4,
    "fields": {
        "producto": 1,
        "categoria": 15,
        "fecha_asociacion": "2025-01-20",
        "nota_adicional": "",
        "estado": "activo"
    }
},
{
    "model": "tienda.productocategoria",
    "pk": 5,
    "fields": {
        "producto": 1,
        "categoria": 2,
        "fecha_asociacion": "2025-01-20",
        "nota_adicional": "",
        "estado": "activo"
    }
},
{
    "model": "tienda.productocategoria",
    "pk": 6,
    "fields": {
        "producto": 2,
        "categoria": 12,
        "fecha_asociacion": "2025-01-20",
        "nota_adicional": "",
        "estado": "activo"
    }
},
{
    "model": "tienda.productocategoria",
    "pk": 7,
    "fields": {
        "producto": 3,
        "categoria": 1,
        "fecha_asociacion": "2025-01-20",
        "nota_adicional": "",
        "estado": "activo"
    }
},
{
    "model": "tienda.productocategoria",
    "pk": 8,
    "fields": {
        "producto": 3,
        "categoria": 19,
        "fecha_asociacion": "2025-01-20",
        "nota_adicional": "",
        "estado": "activo"
    }
},
{
    "model": "tienda.productocategoria",
    "pk": 9,
    "fields": {
        "producto": 3,
        "categoria": 3,
        "fecha_asociacion": "2025-01-20",
        "nota_adicional": "",
        "estado": "activo"
    }
},
{
    "model": "tienda.productocategoria",
    "pk": 10,
    "fields": {
        "producto": 4,
        "categoria": 12,
        "fecha_asociacion": "2025-01-20",
        "nota_adicional": "",
        "estado": "activo"
    }
},
{
    "model": "tienda.productocategoria",
    "pk": 11,
    "fields": {
        "producto": 4,
        "categoria": 9,
        "fecha_asociacion": "2025-01-20",
        "nota_adicional": "",
        "estado": "activo"
    }
},
{
    "model": "tienda.productocategoria",
    "pk": 12,
    "fields": {
        "producto": 4,
        "categoria": 4,
        "fecha_asociacion": "2025-01-20",
        "nota_adicional": "",
        "estado": "activo"
    }
},
{
    "model": "tienda.productocategoria",
    "pk": 13,
    "fields": {
        "producto": 4,
        "categoria": 16,
        "fecha_asociacion": "2025-01-20",
        "nota_adicional": "",
        "estado": "activo"
    }
},
{
    "model": "tienda.productocategoria",
    "pk": 14,
    "fields": {
        "producto": 5,
        "categoria": 8,
        "fecha_asociacion": "2025-01-20",
        "nota_adicional": "",
        "estado": "activo"
    }
},
{
    "model": "tienda.productocategoria",
    "pk": 15,
    "fields": {
        "producto": 5,
        "categoria": 5,
        "fecha_asociacion": "2025-01-20",
        "nota_adicional": "",
        "estado": "activo"
    }
},
{
    "model": "tienda.productocategoria",
    "pk": 16,
    "fields": {
        "producto": 6,
        "categoria": 9,
        "fecha_asociacion": "2025-01-20",
        "nota_adicional": "",
        "estado": "activo"
    }
},
{
    "model": "tienda.productocategoria",
    "pk": 17,
    "fields": {
        "producto": 6,
        "categoria": 3,
        "fecha_asociacion": "2025-01-20",
        "nota_adicional": "",
        "estado": "activo"
    }
},
{
    "model": "tienda.productocategoria",
    "pk": 18,
    "fields": {
        "producto": 6,
        "categoria": 15,
        "fecha_asociacion": "2025-01-20",
        "nota_adicional": "",
        "estado": "activo"
    }
},
{
    "model": "tienda.productocategoria",
    "pk": 19,
    "fields": {
        "producto": 7,
        "categoria": 11,
        "fecha_asociacion": "2025-01-20",
        "nota_adicional": "",
        "estado": "activo"
    }
},
{
    "model": "tienda.productocategoria",
    "pk": 20,
    "fields": {
        "producto": 7,
        "categoria": 16,
        "fecha_asociacion": "2025-01-20",
        "nota_adicional": "",
        "estado": "activo"
    }
},
{
    "model": "tienda.productocategoria",
    "pk": 21,
    "fields": {
        "producto": 7,
        "categoria": 1,
        "fecha_asociacion": "2025-01-20",
        "nota_adicional": "",
        "estado": "activo"
    }
},
{
    "model": "tienda.productocategoria",
    "pk": 22,
    "fields": {
        "producto": 7,
        "categoria": 3,
        "fecha_asociacion": "2025-01-20",
        "nota_adicional": "",
        "estado": "activo"
    }
},
{
    "model": "tienda.productocategoria",
    "pk": 23,
    "fields": {
        "producto": 7,
        "categoria": 8,
        "fecha_asociacion": "2025-01-20",
        "nota_adicional": "",
        "estado": "activo"
    }
},
{
    "model": "tienda.productocategoria",
    "pk": 24,
    "fields": {
        "producto": 8,
        "categoria": 1,
        "fecha_asociacion": "2025-01-20",
        "nota_adicional": "",
        "estado": "activo"
    }
},
{
    "model": "tienda.productocategoria",
    "pk": 25,
    "fields": {
        "producto": 8,
        "categoria": 11,
        "fecha_asociacion": "2025-01-20",
        "nota_adicional": "",
        "estado": "activo"
    }
},
{
    "model": "tienda.productocategoria",
    "pk": 26,
    "fields": {
        "producto": 8,
        "categoria": 19,
        "fecha_asociacion": "2025-01-20",
        "nota_adicional": "",
        "estado": "activo"
    }
},
{
    "model": "tienda.productocategoria",
    "pk": 27,
    "fields": {
        "producto": 9,
        "categoria": 11,
        "fecha_asociacion": "2025-01-20",
        "nota_adicional": "",
        "estado": "activo"
    }
},
{
    "model": "tienda.productocategoria",
    "pk": 28,
    "fields": {
        "producto": 9,
        "categoria": 3,
        "fecha_asociacion": "2025-01-20",
        "nota_adicional": "",
        "estado": "activo"
    }
},
{
    "model": "tienda.productocategoria",
    "pk": 29,
    "fields": {
        "producto": 9,
        "categoria": 4,
        "fecha_asociacion": "2025-01-20",
        "nota_adicional": "",
        "estado": "activo"
    }
},
{
    "model": "tienda.productocategoria",
    "pk": 30,
    "fields": {
        "producto": 10,
        "categoria": 7,
        "fecha_asociacion": "2025-01-20",
        "nota_adicional": "",
        "estado": "activo"
    }
},
{
    "model": "tienda.productocategoria",
    "pk": 31,
    "fields": {
        "producto": 10,
        "categoria": 2,
        "fecha_asociacion": "2025-01-20",
        "nota_adicional": "",
        "estado": "activo"
    }
},
{
    "model": "tienda.productocategoria",
    "pk": 32,
    "fields": {
        "producto": 11,
        "categoria": 11,
        "fecha_asociacion": "2025-01-20",
        "nota_adicional": "",
        "estado": "activo"
    }
},
{
    "model": "tienda.productocategoria",
    "pk": 33,
    "fields": {
        "producto": 11,
        "categoria": 3,
        "fecha_asociacion": "2025-01-20",
        "nota_adicional": "",
        "estado": "activo"
    }
},
{
    "model": "tienda.productocategoria",
    "pk": 34,
    "fields": {
        "producto": 11,
        "categoria": 6,
        "fecha_asociacion": "2025-01-20",
        "nota_adicional": "",
        "estado": "activo"
    }
},
{
    "model": "tienda.productocategoria",
    "pk": 35,
    "fields": {
        "producto": 11,
        "categoria": 8,
        "fecha_asociacion": "2025-01-20",
        "nota_adicional": "",
        "estado": "activo"
    }
},
{
    "model": "tienda.productocategoria",
    "pk": 36,
    "fields": {
        "producto": 12,
        "categoria": 7,
        "fecha_asociacion": "2025-01-20",
        "nota_adicional": "",
        "estado": "activo"
    }
},
{
    "model": "tienda.productocategoria",
    "pk": 37,
    "fields": {
        "producto": 12,
        "categoria": 12,
        "fecha_asociacion": "2025-01-20",
        "nota_adicional": "",
        "estado": "activo"
    }
},
{
    "model": "tienda.productocategoria",
    "pk": 38,
    "fields": {
        "producto": 12,
        "categoria": 6,
        "fecha_asociacion": "2025-01-20",
        "nota_adicional": "",
        "estado": "activo"
    }
},
{
    "model": "tienda.productocategoria",
    "pk": 39,
    "fields": {
        "producto": 12,
        "categoria": 8,
        "fecha_asociacion": "2025-01-20",
        "nota_adicional": "",
        "estado": "activo"
    }
},
{
    "model": "tienda.productocategoria",
    "pk": 40,
    "fields": {
        "producto": 13,
        "categoria": 8,
        "fecha_asociacion": "2025-01-20",
        "nota_adicional": "",
        "estado": "activo"
    }
},
{
    "model": "tienda.productocategoria",
    "pk": 41,
    "fields": {
        "producto": 13,
        "categoria": 19,
        "fecha_asociacion": "2025-01-20",
        "nota_adicional": "",
        "estado": "activo"
    }
},
{
    "model": "tienda.productocategoria",
    "pk": 42,
    "fields": {
        "producto": 13,
        "categoria": 7,
        "fecha_asociacion": "2025-01-20",
        "nota_adicional": "",
        "estado": "activo"
    }
},
{
    "model": "tienda.productocategoria",
    "pk": 43,
    "fields": {
        "producto": 13,
        "categoria": 10,
        "fecha_asociacion": "2025-01-20",
        "nota_adicional": "",
        "estado": "activo"
    }
},
{
    "model": "tienda.productocategoria",
    "pk": 44,
    "fields": {
        "producto": 13,
        "categoria": 15,
        "fecha_asociacion": "2025-01-20",
        "nota_adicional": "",
        "estado": "activo"
    }
},
{
    "model": "tienda.productocategoria",
    "pk": 45,
    "fields": {
        "producto": 14,
        "categoria": 16,
        "fecha_asociacion": "2025-01-20",
        "nota_adicional": "",
        "estado": "activo"
    }
},
{
    "model": "tienda.productocategoria",
    "pk": 46,
    "fields": {
        "producto": 14,
        "categoria": 6,
        "fecha_asociacion": "2025-01-20",
        "nota_adicional": "",
        "estado": "activo"
    }
},
{
    "model": "tienda.productocategoria",
    "pk": 47,
    "fields": {
        "producto": 14,
        "categoria": 2,
        "fecha_asociacion": "2025-01-20",
        "nota_adicional": "",
        "estado": "activo"
    }
},
{
    "model": "tienda.productocategoria",
    "pk": 48,
    "fields": {
        "producto": 15,
        "categoria": 7,
        "fecha_asociacion": "2025-01-20",
        "nota_adicional": "",
        "estado": "activo"
    }
},
{
    "model": "tienda.productocategoria",
    "pk": 49,
    "fields": {
        "producto": 15,
        "categoria": 9,
        "fecha_asociacion": "2025-01-20",
        "nota_adicional": "",
        "estado": "activo"
    }
},
{
    "model": "tienda.productocategoria",
    "pk": 50,
    "fields": {
        "producto": 15,
        "categoria": 5,
        "fecha_asociacion": "2025-01-20",
        "nota_adicional": "",
        "estado": "activo"
    }
},
{
    "model": "tienda.productocategoria",
    "pk": 51,
    "fields": {
        "producto": 15,
        "categoria": 8,
        "fecha_asociacion": "2025-01-20",
        "nota_adicional": "",
        "estado": "activo"
    }
},
{
    "model": "tienda.productocategoria",
    "pk": 52,
    "fields": {
        "producto": 16,
        "categoria": 18,
        "fecha_asociacion": "2025-01-20",
        "nota_adicional": "",
        "estado": "activo"
    }
},
{
    "model": "tienda.productocategoria",
    "pk": 53,
    "fields": {
        "producto": 16,
        "categoria": 8,
        "fecha_asociacion": "2025-01-20",
        "nota_adicional": "",
        "estado": "activo"
    }
},
{
    "model": "tienda.productocategoria",
    "pk": 54,
    "fields": {
        "producto": 16,
        "categoria": 12,
        "fecha_asociacion": "2025-01-20",
        "nota_adicional": "",
        "estado": "activo"
    }
},
{
    "model": "tienda.productocategoria",
    "pk": 55,
    "fields": {
        "producto": 16,
        "categoria": 6,
        "fecha_asociacion": "2025-01-20",
        "nota_adicional": "",
        "estado": "activo"
    }
},
{
    "model": "tienda.productocategoria",
    "pk": 56,
    "fields": {
        "producto": 17,
        "categoria": 2,
        "fecha_asociacion": "2025-01-20",
        "nota_adicional": "",
        "estado": "activo"
    }
},
{
    "model": "tienda.productocategoria",
    "pk": 57,
    "fields": {
        "producto": 17,
        "categoria": 16,
        "fecha_asociacion": "2025-01-20",
        "nota_adicional": "",
        "estado": "activo"
    }
},
{
    "model": "tienda.productocategoria",
    "pk": 58,
    "fields": {
        "producto": 18,
        "categoria": 12,
        "fecha_asociacion": "2025-01-20",
        "nota_adicional": "",
        "estado": "activo"
    }
},
{
    "model": "tienda.productocategoria",
    "pk": 59,
    "fields": {
        "producto": 18,
        "categoria": 1,
        "fecha_asociacion": "2025-01-20",
        "nota_adicional": "",
        "estado": "activo"
    }
},
{
    "model": "tienda.productocategoria",
    "pk": 60,
    "fields": {
        "producto": 18,
        "categoria": 15,
        "fecha_asociacion": "2025-01-20",
        "nota_adicional": "",
        "estado": "activo"
    }
},
{
    "model": "tienda.productocategoria",
    "pk": 61,
    "fields": {
        "producto": 18,
        "categoria": 5,
        "fecha_asociacion": "2025-01-20",
        "nota_adicional": "",
        "estado": "activo"
    }
},
{
    "model": "tienda.productocategoria",
    "pk": 62,
    "fields": {
        "producto": 19,
        "categoria": 17,
        "fecha_asociacion": "2025-01-20",
        "nota_adicional": "",
        "estado": "activo"
    }
},
{
    "model": "tienda.productocategoria",
    "pk": 63,
    "fields": {
        "producto": 19,
        "categoria": 4,
        "fecha_asociacion": "2025-01-20",
        "nota_adicional": "",
        "estado": "activo"
    }
},
{
    "model": "tienda.productocategoria",
    "pk": 64,
    "fields": {
        "producto": 19,
        "categoria": 12,
        "fecha_asociacion": "2025-01-20",
        "nota_adicional": "",
        "estado": "activo"
    }
},
{
    "model": "tienda.productocategoria",
    "pk": 65,
    "fields": {
        "producto": 20,
        "categoria": 16,
        "fecha_asociacion": "2025-01-20",
        "nota_adicional": "",
        "estado": "activo"
    }
},
{
    "model": "tienda.productocategoria",
    "pk": 66,
    "fields": {
        "producto": 1,
        "categoria": 1,
        "fecha_asociacion": "1995-05-20",
        "nota_adicional": "Religious first word tough indeed. Get smile run few business religious expect. Painting nor contain reach respond above about.",
        "estado": "activo"
    }
},
{
    "model": "tienda.productocategoria",
    "pk": 67,
    "fields": {
        "producto": 11,
        "categoria": 15,
        "fecha_asociacion": "1978-11-18",
        "nota_adicional": "Employee particularly sell low large. World cold hope laugh. Girl let truth popular card beautiful affect.",
        "estado": "activo"
    }
},
{
    "model": "tienda.productocategoria",
    "pk": 68,
    "fields": {
        "producto": 9,
        "categoria": 10,
        "fecha_asociacion": "2003-10-27",
        "nota_adicional": "Experience various sound prove year position happen. Include glass likely staff ask. Treat send everybody tree.",
        "estado": "activo"
    }
},
{
    "model": "tienda.productocategoria",
    "pk": 69,
    "fields": {
        "producto": 10,
        "categoria": 16,
        "fecha_asociacion": "1992-08-12",
        "nota_adicional": "Any bad learn amount. Improve save without indicate.\nBehind bar subject. Room debate common rate radio. Our hair around where name water opportunity.",
        "estado": "activo"
    }
},
{
    "model": "tienda.productocategoria",
    "pk": 70,
    "fields": {
        "producto": 4,
        "categoria": 4,
        "fecha_asociacion": "1997-01-14",
        "nota_adicional": "Majority industry other lot. Help wrong American party. Growth prove white Congress.\nMean loss sure job save.",
        "estado": "activo"
    }
},
{
    "model": "tienda.productocategoria",
    "pk": 71,
    "fields": {
        "producto": 4,
        "categoria": 15,
        "fecha_asociacion": "2005-06-02",
        "nota_adicional": "Yeah health woman. Single source beat significant color believe allow.\nBecause across change manager. With design table according.\nStay time term third. Consider similar mouth dinner compare instead.",
        "estado": "activo"
    }
},
{
    "model": "tienda.productocategoria",
    "pk": 72,
    "fields": {
        "producto": 3,
        "categoria": 2,
        "fecha_asociacion": "2010-10-11",
        "nota_adicional": "Possible final leg success accept lawyer of. Position guy lead detail never public.\nOnce office daughter want. Believe effort thousand.",
        "estado": "activo"
    }
},
{
    "model": "tienda.productocategoria",
    "pk": 73,
    "fields": {
        "producto": 11,
        "categoria": 4,
        "fecha_asociacion": "1973-12-03",
        "nota_adicional": "Trouble prove us north seven decision any break. Subject early popular physical else rock.",
        "estado": "activo"
    }
},
{
    "model": "tienda.productocategoria",
    "pk": 74,
    "fields": {
        "producto": 9,
        "categoria": 18,
        "fecha_asociacion": "2007-06-12",
        "nota_adicional": "Girl time consumer pass business people our. Allow market visit none type ten involve.\nNearly skill cultural public want. Raise people tonight each consider speak.\nSome relationship many claim.",
        "estado": "activo"
    }
},
{
    "model": "tienda.productocategoria",
    "pk": 75,
    "fields": {
        "producto": 1,
        "categoria": 1,
        "fecha_asociacion": "2011-11-06",
        "nota_adicional": "Suggest work nature lot have. But act enter rather generation subject soldier. Box culture pass order into treat.\nStar their phone time none amount point. Raise time cost order car.",
        "estado": "activo"
    }
},
{
    "model": "tienda.productocategoria",
    "pk": 76,
    "fields": {
        "producto": 6,
        "categoria": 6,
        "fecha_asociacion": "1988-06-12",
        "nota_adicional": "Want inside character economic pick kid simple. Picture near should case once remain. Form foreign walk cut former however.\nEvening education mean to woman safe. Short book pass evening point mouth.",
        "estado": "activo"
    }
},
{
    "model": "tienda.productocategoria",
    "pk": 77,
    "fields": {
        "producto": 7,
        "categoria": 1,
        "fecha_asociacion": "1999-03-04",
        "nota_adicional": "Like tonight American. Dinner save soldier technology a paper.\nOffer sign gas sense show than. Most interesting serious fear national wait.",
        "estado": "activo"
    }
},
{
    "model": "tienda.productocategoria",
    "pk": 78,
    "fields": {
        "producto": 19,
        "categoria": 11,
        "fecha_asociacion": "2022-04-05",
        "nota_adicional": "Way short anything free money know language against. Institution door win gas then red defense.",
        "estado": "activo"
    }
},
{
    "model": "tienda.productocategoria",
    "pk": 79,
    "fields": {
        "producto": 20,
        "categoria": 18,
        "fecha_asociacion": "2005-11-22",
        "nota_adicional": "Business white yet. Likely last look others analysis cell serve. Century me statement condition short consider debate.",
        "estado": "activo"
    }
},
{
    "model": "tienda.productocategoria",
    "pk": 80,
    "fields": {
        "producto": 20,
        "categoria": 5,
        "fecha_asociacion": "2020-12-21",
        "nota_adicional": "Peace participant never break military. Pm my right information show key national part.\nSave apply say hair law. Issue soldier firm oil pattern ready.",
        "estado": "activo"
    }
},
{
    "model": "tienda.productocategoria",
    "pk": 81,
    "fields": {
        "producto": 10,
        "categoria": 9,
        "fecha_asociacion": "1977-11-14",
        "nota_adicional": "Hit large edge single get. Director radio reveal almost scientist laugh.\nWhere you list between better. Case everybody unit fast. I goal sometimes teacher however establish.",
        "estado": "activo"
    }
},
{
    "model": "tienda.productocategoria",
    "pk": 82,
    "fields": {
        "producto": 16,
        "categoria": 8,
        "fecha_asociacion": "2006-01-21",
        "nota_adicional": "Action road democratic. Why decision necessary administration strategy daughter take. Officer box school difficult benefit arm.",
        "estado": "activo"
    }
},
{
    "model": "tienda.productocategoria",
    "pk": 83,
    "fields": {
        "producto": 2,
        "categoria": 20,
        "fecha_asociacion": "2016-08-20",
        "nota_adicional": "Before dream likely man fast author research. Though movie campaign official again avoid only. Wish well agree loss doctor each box artist.",
        "estado": "activo"
    }
},
{
    "model": "tienda.productocategoria",
    "pk": 84,
    "fields": {
        "producto": 5,
        "categoria": 17,
        "fecha_asociacion": "1994-02-10",
        "nota_adicional": "Central agency production green. Mean case moment respond though organization democratic.\nOther since how first town. Future camera seat loss. But responsibility less could avoid little.",
        "estado": "activo"
    }
},
{
    "model": "tienda.productocategoria",
    "pk": 85,
    "fields": {
        "producto": 8,
        "categoria": 9,
        "fecha_asociacion": "1973-11-07",
        "nota_adicional": "Sit trial skin perform between pretty where. Environmental see life term they spring.\nRise approach receive her follow. Deal many among find. Piece cause traditional man lot hold character.",
        "estado": "activo"
    }
},
{
    "model": "tienda.productocategoria",
    "pk": 86,
    "fields": {
        "producto": 21,
        "categoria": 31,
        "fecha_asociacion": "2025-01-20",
        "nota_adicional": "",
        "estado": "activo"
    }
},
{
    "model": "tienda.productocategoria",
    "pk": 87,
    "fields": {
        "producto": 21,
        "categoria": 22,
        "fecha_asociacion": "2025-01-20",
        "nota_adicional": "",
        "estado": "activo"
    }
},
{
    "model": "tienda.productocategoria",
    "pk": 88,
    "fields": {
        "producto": 21,
        "categoria": 23,
        "fecha_asociacion": "2025-01-20",
        "nota_adicional": "",
        "estado": "activo"
    }
},
{
    "model": "tienda.productocategoria",
    "pk": 89,
    "fields": {
        "producto": 22,
        "categoria": 38,
        "fecha_asociacion": "2025-01-20",
        "nota_adicional": "",
        "estado": "activo"
    }
},
{
    "model": "tienda.productocategoria",
    "pk": 90,
    "fields": {
        "producto": 22,
        "categoria": 32,
        "fecha_asociacion": "2025-01-20",
        "nota_adicional": "",
        "estado": "activo"
    }
},
{
    "model": "tienda.productocategoria",
    "pk": 91,
    "fields": {
        "producto": 22,
        "categoria": 24,
        "fecha_asociacion": "2025-01-20",
        "nota_adicional": "",
        "estado": "activo"
    }
},
{
    "model": "tienda.productocategoria",
    "pk": 92,
    "fields": {
        "producto": 22,
        "categoria": 33,
        "fecha_asociacion": "2025-01-20",
        "nota_adicional": "",
        "estado": "activo"
    }
},
{
    "model": "tienda.productocategoria",
    "pk": 93,
    "fields": {
        "producto": 23,
        "categoria": 31,
        "fecha_asociacion": "2025-01-20",
        "nota_adicional": "",
        "estado": "activo"
    }
},
{
    "model": "tienda.productocategoria",
    "pk": 94,
    "fields": {
        "producto": 23,
        "categoria": 25,
        "fecha_asociacion": "2025-01-20",
        "nota_adicional": "",
        "estado": "activo"
    }
},
{
    "model": "tienda.productocategoria",
    "pk": 95,
    "fields": {
        "producto": 23,
        "categoria": 21,
        "fecha_asociacion": "2025-01-20",
        "nota_adicional": "",
        "estado": "activo"
    }
},
{
    "model": "tienda.productocategoria",
    "pk": 96,
    "fields": {
        "producto": 23,
        "categoria": 26,
        "fecha_asociacion": "2025-01-20",
        "nota_adicional": "",
        "estado": "activo"
    }
},
{
    "model": "tienda.productocategoria",
    "pk": 97,
    "fields": {
        "producto": 24,
        "categoria": 32,
        "fecha_asociacion": "2025-01-20",
        "nota_adicional": "",
        "estado": "activo"
    }
},
{
    "model": "tienda.productocategoria",
    "pk": 98,
    "fields": {
        "producto": 25,
        "categoria": 38,
        "fecha_asociacion": "2025-01-20",
        "nota_adicional": "",
        "estado": "activo"
    }
},
{
    "model": "tienda.productocategoria",
    "pk": 99,
    "fields": {
        "producto": 25,
        "categoria": 25,
        "fecha_asociacion": "2025-01-20",
        "nota_adicional": "",
        "estado": "activo"
    }
},
{
    "model": "tienda.productocategoria",
    "pk": 100,
    "fields": {
        "producto": 25,
        "categoria": 23,
        "fecha_asociacion": "2025-01-20",
        "nota_adicional": "",
        "estado": "activo"
    }
},
{
    "model": "tienda.productocategoria",
    "pk": 101,
    "fields": {
        "producto": 25,
        "categoria": 22,
        "fecha_asociacion": "2025-01-20",
        "nota_adicional": "",
        "estado": "activo"
    }
},
{
    "model": "tienda.productocategoria",
    "pk": 102,
    "fields": {
        "producto": 26,
        "categoria": 25,
        "fecha_asociacion": "2025-01-20",
        "nota_adicional": "",
        "estado": "activo"
    }
},
{
    "model": "tienda.productocategoria",
    "pk": 103,
    "fields": {
        "producto": 26,
        "categoria": 31,
        "fecha_asociacion": "2025-01-20",
        "nota_adicional": "",
        "estado": "activo"
    }
},
{
    "model": "tienda.productocategoria",
    "pk": 104,
    "fields": {
        "producto": 26,
        "categoria": 37,
        "fecha_asociacion": "2025-01-20",
        "nota_adicional": "",
        "estado": "activo"
    }
},
{
    "model": "tienda.productocategoria",
    "pk": 105,
    "fields": {
        "producto": 26,
        "categoria": 36,
        "fecha_asociacion": "2025-01-20",
        "nota_adicional": "",
        "estado": "activo"
    }
},
{
    "model": "tienda.productocategoria",
    "pk": 106,
    "fields": {
        "producto": 27,
        "categoria": 23,
        "fecha_asociacion": "2025-01-20",
        "nota_adicional": "",
        "estado": "activo"
    }
},
{
    "model": "tienda.productocategoria",
    "pk": 107,
    "fields": {
        "producto": 27,
        "categoria": 30,
        "fecha_asociacion": "2025-01-20",
        "nota_adicional": "",
        "estado": "activo"
    }
},
{
    "model": "tienda.productocategoria",
    "pk": 108,
    "fields": {
        "producto": 28,
        "categoria": 39,
        "fecha_asociacion": "2025-01-20",
        "nota_adicional": "",
        "estado": "activo"
    }
},
{
    "model": "tienda.productocategoria",
    "pk": 109,
    "fields": {
        "producto": 28,
        "categoria": 25,
        "fecha_asociacion": "2025-01-20",
        "nota_adicional": "",
        "estado": "activo"
    }
},
{
    "model": "tienda.productocategoria",
    "pk": 110,
    "fields": {
        "producto": 29,
        "categoria": 30,
        "fecha_asociacion": "2025-01-20",
        "nota_adicional": "",
        "estado": "activo"
    }
},
{
    "model": "tienda.productocategoria",
    "pk": 111,
    "fields": {
        "producto": 30,
        "categoria": 27,
        "fecha_asociacion": "2025-01-20",
        "nota_adicional": "",
        "estado": "activo"
    }
},
{
    "model": "tienda.productocategoria",
    "pk": 112,
    "fields": {
        "producto": 30,
        "categoria": 25,
        "fecha_asociacion": "2025-01-20",
        "nota_adicional": "",
        "estado": "activo"
    }
},
{
    "model": "tienda.productocategoria",
    "pk": 113,
    "fields": {
        "producto": 30,
        "categoria": 28,
        "fecha_asociacion": "2025-01-20",
        "nota_adicional": "",
        "estado": "activo"
    }
},
{
    "model": "tienda.productocategoria",
    "pk": 114,
    "fields": {
        "producto": 31,
        "categoria": 40,
        "fecha_asociacion": "2025-01-20",
        "nota_adicional": "",
        "estado": "activo"
    }
},
{
    "model": "tienda.productocategoria",
    "pk": 115,
    "fields": {
        "producto": 31,
        "categoria": 28,
        "fecha_asociacion": "2025-01-20",
        "nota_adicional": "",
        "estado": "activo"
    }
},
{
    "model": "tienda.productocategoria",
    "pk": 116,
    "fields": {
        "producto": 31,
        "categoria": 29,
        "fecha_asociacion": "2025-01-20",
        "nota_adicional": "",
        "estado": "activo"
    }
},
{
    "model": "tienda.productocategoria",
    "pk": 117,
    "fields": {
        "producto": 32,
        "categoria": 24,
        "fecha_asociacion": "2025-01-20",
        "nota_adicional": "",
        "estado": "activo"
    }
},
{
    "model": "tienda.productocategoria",
    "pk": 118,
    "fields": {
        "producto": 33,
        "categoria": 23,
        "fecha_asociacion": "2025-01-20",
        "nota_adicional": "",
        "estado": "activo"
    }
},
{
    "model": "tienda.productocategoria",
    "pk": 119,
    "fields": {
        "producto": 33,
        "categoria": 26,
        "fecha_asociacion": "2025-01-20",
        "nota_adicional": "",
        "estado": "activo"
    }
},
{
    "model": "tienda.productocategoria",
    "pk": 120,
    "fields": {
        "producto": 33,
        "categoria": 33,
        "fecha_asociacion": "2025-01-20",
        "nota_adicional": "",
        "estado": "activo"
    }
},
{
    "model": "tienda.productocategoria",
    "pk": 121,
    "fields": {
        "producto": 34,
        "categoria": 24,
        "fecha_asociacion": "2025-01-20",
        "nota_adicional": "",
        "estado": "activo"
    }
},
{
    "model": "tienda.productocategoria",
    "pk": 122,
    "fields": {
        "producto": 35,
        "categoria": 26,
        "fecha_asociacion": "2025-01-20",
        "nota_adicional": "",
        "estado": "activo"
    }
},
{
    "model": "tienda.productocategoria",
    "pk": 123,
    "fields": {
        "producto": 35,
        "categoria": 23,
        "fecha_asociacion": "2025-01-20",
        "nota_adicional": "",
        "estado": "activo"
    }
},
{
    "model": "tienda.productocategoria",
    "pk": 124,
    "fields": {
        "producto": 36,
        "categoria": 35,
        "fecha_asociacion": "2025-01-20",
        "nota_adicional": "",
        "estado": "activo"
    }
},
{
    "model": "tienda.productocategoria",
    "pk": 125,
    "fields": {
        "producto": 36,
        "categoria": 33,
        "fecha_asociacion": "2025-01-20",
        "nota_adicional": "",
        "estado": "activo"
    }
},
{
    "model": "tienda.productocategoria",
    "pk": 126,
    "fields": {
        "producto": 37,
        "categoria": 23,
        "fecha_asociacion": "2025-01-20",
        "nota_adicional": "",
        "estado": "activo"
    }
},
{
    "model": "tienda.productocategoria",
    "pk": 127,
    "fields": {
        "producto": 37,
        "categoria": 40,
        "fecha_asociacion": "2025-01-20",
        "nota_adicional": "",
        "estado": "activo"
    }
},
{
    "model": "tienda.productocategoria",
    "pk": 128,
    "fields": {
        "producto": 38,
        "categoria": 30,
        "fecha_asociacion": "2025-01-20",
        "nota_adicional": "",
        "estado": "activo"
    }
},
{
    "model": "tienda.productocategoria",
    "pk": 129,
    "fields": {
        "producto": 38,
        "categoria": 26,
        "fecha_asociacion": "2025-01-20",
        "nota_adicional": "",
        "estado": "activo"
    }
},
{
    "model": "tienda.productocategoria",
    "pk": 130,
    "fields": {
        "producto": 38,
        "categoria": 22,
        "fecha_asociacion": "2025-01-20",
        "nota_adicional": "",
        "estado": "activo"
    }
},
{
    "model": "tienda.productocategoria",
    "pk": 131,
    "fields": {
        "producto": 39,
        "categoria": 26,
        "fecha_asociacion": "2025-01-20",
        "nota_adicional": "",
        "estado": "activo"
    }
},
{
    "model": "tienda.productocategoria",
    "pk": 132,
    "fields": {
        "producto": 40,
        "categoria": 39,
        "fecha_asociacion": "2025-01-20",
        "nota_adicional": "",
        "estado": "activo"
    }
},
{
    "model": "tienda.productocategoria",
    "pk": 133,
    "fields": {
        "producto": 40,
        "categoria": 31,
        "fecha_asociacion": "2025-01-20",
        "nota_adicional": "",
        "estado": "activo"
    }
},
{
    "model": "tienda.productocategoria",
    "pk": 134,
    "fields": {
        "producto": 39,
        "categoria": 23,
        "fecha_asociacion": "2000-02-12",
        "nota_adicional": "Thank away north factor attention quite. Seat room modern item wait. Indicate mean allow painting.\nFire heavy early other. Spend available same house research meet try star.",
        "estado": "activo"
    }
},
{
    "model": "tienda.productocategoria",
    "pk": 135,
    "fields": {
        "producto": 28,
        "categoria": 38,
        "fecha_asociacion": "2012-11-06",
        "nota_adicional": "Minute weight force final. Adult control plant present clear strong.\nWish its commercial less fine. Street hundred she task city none energy last. After exactly hit land. Contain well gun hot score.",
        "estado": "activo"
    }
},
{
    "model": "tienda.productocategoria",
    "pk": 136,
    "fields": {
        "producto": 27,
        "categoria": 30,
        "fecha_asociacion": "2003-01-04",
        "nota_adicional": "Responsibility although of. Hope bar also development country yard.\nAgency government back kitchen different type each another. Today result agent tell back.",
        "estado": "activo"
    }
},
{
    "model": "tienda.productocategoria",
    "pk": 137,
    "fields": {
        "producto": 24,
        "categoria": 21,
        "fecha_asociacion": "1994-03-07",
        "nota_adicional": "White American purpose ago. Single manager three girl deep agent. Analysis several century sea crime.",
        "estado": "activo"
    }
},
{
    "model": "tienda.productocategoria",
    "pk": 138,
    "fields": {
        "producto": 37,
        "categoria": 37,
        "fecha_asociacion": "1988-09-29",
        "nota_adicional": "Raise need all.\nList nor better month fill. Grow involve himself top factor television. Once treat worry.\nRoom require product health by. Particularly science author air.",
        "estado": "activo"
    }
},
{
    "model": "tienda.productocategoria",
    "pk": 139,
    "fields": {
        "producto": 31,
        "categoria": 37,
        "fecha_asociacion": "2025-01-11",
        "nota_adicional": "Report close professional those. Likely family audience share.",
        "estado": "activo"
    }
},
{
    "model": "tienda.productocategoria",
    "pk": 140,
    "fields": {
        "producto": 35,
        "categoria": 35,
        "fecha_asociacion": "2015-03-12",
        "nota_adicional": "Nation rock campaign. Conference or paper center leave.\nSociety especially raise speak. Major collection like environmental. Opportunity worry area commercial stuff price fill.",
        "estado": "activo"
    }
},
{
    "model": "tienda.productocategoria",
    "pk": 141,
    "fields": {
        "producto": 31,
        "categoria": 34,
        "fecha_asociacion": "1993-12-26",
        "nota_adicional": "Government argue make Mrs social line with also.",
        "estado": "activo"
    }
},
{
    "model": "tienda.productocategoria",
    "pk": 142,
    "fields": {
        "producto": 34,
        "categoria": 36,
        "fecha_asociacion": "2013-05-21",
        "nota_adicional": "Crime consider then far. Her when after success rise million already.\nDraw citizen surface. Move behavior able court peace almost.",
        "estado": "activo"
    }
},
{
    "model": "tienda.productocategoria",
    "pk": 143,
    "fields": {
        "producto": 26,
        "categoria": 40,
        "fecha_asociacion": "1988-07-05",
        "nota_adicional": "Ball something collection all for. Reach note professional summer. Population American imagine health baby table.",
        "estado": "activo"
    }
},
{
    "model": "tienda.productocategoria",
    "pk": 144,
    "fields": {
        "producto": 36,
        "categoria": 33,
        "fecha_asociacion": "1980-02-17",
        "nota_adicional": "Tough involve responsibility street bag. Parent article maybe minute. Himself national interview position however soon.",
        "estado": "activo"
    }
},
{
    "model": "tienda.productocategoria",
    "pk": 145,
    "fields": {
        "producto": 25,
        "categoria": 31,
        "fecha_asociacion": "2016-08-28",
        "nota_adicional": "Agreement skin develop you see lay else. Positive open street enjoy guess task break. See moment different.",
        "estado": "activo"
    }
},
{
    "model": "tienda.productocategoria",
    "pk": 146,
    "fields": {
        "producto": 25,
        "categoria": 36,
        "fecha_asociacion": "2015-05-07",
        "nota_adicional": "Guy past reach stand simply. Reality couple one officer particularly. Else from many save course or.",
        "estado": "activo"
    }
},
{
    "model": "tienda.productocategoria",
    "pk": 147,
    "fields": {
        "producto": 26,
        "categoria": 40,
        "fecha_asociacion": "2012-11-17",
        "nota_adicional": "Claim example appear law. Summer seem and too without ten he. Impact week least money real edge.\nRich car present voice. Enter think enter yes.",
        "estado": "activo"
    }
},
{
    "model": "tienda.productocategoria",
    "pk": 148,
    "fields": {
        "producto": 27,
        "categoria": 22,
        "fecha_asociacion": "1980-09-08",
        "nota_adicional": "Whose cost detail.\nWord back ok continue change response. Set much candidate once moment fast. Soon relationship whole avoid produce sing international.",
        "estado": "activo"
    }
},
{
    "model": "tienda.productocategoria",
    "pk": 149,
    "fields": {
        "producto": 29,
        "categoria": 28,
        "fecha_asociacion": "1978-12-07",
        "nota_adicional": "Explain learn might upon. Identify quickly fast person. Great you simple if expect they a.",
        "estado": "activo"
    }
},
{
    "model": "tienda.productocategoria",
    "pk": 150,
    "fields": {
        "producto": 21,
        "categoria": 34,
        "fecha_asociacion": "1999-09-11",
        "nota_adicional": "Poor here cold if certainly. Others sometimes course laugh general.\nFactor design government year recent factor.\nSite activity consumer matter region person need. Range give against.",
        "estado": "activo"
    }
},
{
    "model": "tienda.productocategoria",
    "pk": 151,
    "fields": {
        "producto": 31,
        "categoria": 40,
        "fecha_asociacion": "1985-05-08",
        "nota_adicional": "Whatever image minute receive adult training. Artist wear purpose by only continue. Help painting none son question year worker.",
        "estado": "activo"
    }
},
{
    "model": "tienda.productocategoria",
    "pk": 152,
    "fields": {
        "producto": 22,
        "categoria": 35,
        "fecha_asociacion": "1979-08-20",
        "nota_adicional": "Old deep certain. Statement Mrs service security piece onto east. Direction character step.\nNumber song television tell. Short listen some answer.\nInstead write wall late foot way.",
        "estado": "activo"
    }
},
{
    "model": "tienda.productocategoria",
    "pk": 153,
    "fields": {
        "producto": 25,
        "categoria": 26,
        "fecha_asociacion": "2004-04-20",
        "nota_adicional": "Administration become choice rock center support. Section relate sound above indeed. Live couple security thing.",
        "estado": "activo"
    }
}
]
