[
{
    "model": "auth.permission",
    "pk": 1,
    "fields": {
        "name": "Can add log entry",
        "content_type": 1,
        "codename": "add_logentry"
    }
},
{
    "model": "auth.permission",
    "pk": 2,
    "fields": {
        "name": "Can change log entry",
        "content_type": 1,
        "codename": "change_logentry"
    }
},
{
    "model": "auth.permission",
    "pk": 3,
    "fields": {
        "name": "Can delete log entry",
        "content_type": 1,
        "codename": "delete_logentry"
    }
},
{
    "model": "auth.permission",
    "pk": 4,
    "fields": {
        "name": "Can view log entry",
        "content_type": 1,
        "codename": "view_logentry"
    }
},
{
    "model": "auth.permission",
    "pk": 5,
    "fields": {
        "name": "Can add permission",
        "content_type": 2,
        "codename": "add_permission"
    }
},
{
    "model": "auth.permission",
    "pk": 6,
    "fields": {
        "name": "Can change permission",
        "content_type": 2,
        "codename": "change_permission"
    }
},
{
    "model": "auth.permission",
    "pk": 7,
    "fields": {
        "name": "Can delete permission",
        "content_type": 2,
        "codename": "delete_permission"
    }
},
{
    "model": "auth.permission",
    "pk": 8,
    "fields": {
        "name": "Can view permission",
        "content_type": 2,
        "codename": "view_permission"
    }
},
{
    "model": "auth.permission",
    "pk": 9,
    "fields": {
        "name": "Can add group",
        "content_type": 3,
        "codename": "add_group"
    }
},
{
    "model": "auth.permission",
    "pk": 10,
    "fields": {
        "name": "Can change group",
        "content_type": 3,
        "codename": "change_group"
    }
},
{
    "model": "auth.permission",
    "pk": 11,
    "fields": {
        "name": "Can delete group",
        "content_type": 3,
        "codename": "delete_group"
    }
},
{
    "model": "auth.permission",
    "pk": 12,
    "fields": {
        "name": "Can view group",
        "content_type": 3,
        "codename": "view_group"
    }
},
{
    "model": "auth.permission",
    "pk": 13,
    "fields": {
        "name": "Can add user",
        "content_type": 4,
        "codename": "add_user"
    }
},
{
    "model": "auth.permission",
    "pk": 14,
    "fields": {
        "name": "Can change user",
        "content_type": 4,
        "codename": "change_user"
    }
},
{
    "model": "auth.permission",
    "pk": 15,
    "fields": {
        "name": "Can delete user",
        "content_type": 4,
        "codename": "delete_user"
    }
},
{
    "model": "auth.permission",
    "pk": 16,
    "fields": {
        "name": "Can view user",
        "content_type": 4,
        "codename": "view_user"
    }
},
{
    "model": "auth.permission",
    "pk": 17,
    "fields": {
        "name": "Can add content type",
        "content_type": 5,
        "codename": "add_contenttype"
    }
},
{
    "model": "auth.permission",
    "pk": 18,
    "fields": {
        "name": "Can change content type",
        "content_type": 5,
        "codename": "change_contenttype"
    }
},
{
    "model": "auth.permission",
    "pk": 19,
    "fields": {
        "name": "Can delete content type",
        "content_type": 5,
        "codename": "delete_contenttype"
    }
},
{
    "model": "auth.permission",
    "pk": 20,
    "fields": {
        "name": "Can view content type",
        "content_type": 5,
        "codename": "view_contenttype"
    }
},
{
    "model": "auth.permission",
    "pk": 21,
    "fields": {
        "name": "Can add session",
        "content_type": 6,
        "codename": "add_session"
    }
},
{
    "model": "auth.permission",
    "pk": 22,
    "fields": {
        "name": "Can change session",
        "content_type": 6,
        "codename": "change_session"
    }
},
{
    "model": "auth.permission",
    "pk": 23,
    "fields": {
        "name": "Can delete session",
        "content_type": 6,
        "codename": "delete_session"
    }
},
{
    "model": "auth.permission",
    "pk": 24,
    "fields": {
        "name": "Can view session",
        "content_type": 6,
        "codename": "view_session"
    }
},
{
    "model": "auth.permission",
    "pk": 25,
    "fields": {
        "name": "Can add categoria",
        "content_type": 7,
        "codename": "add_categoria"
    }
},
{
    "model": "auth.permission",
    "pk": 26,
    "fields": {
        "name": "Can change categoria",
        "content_type": 7,
        "codename": "change_categoria"
    }
},
{
    "model": "auth.permission",
    "pk": 27,
    "fields": {
        "name": "Can delete categoria",
        "content_type": 7,
        "codename": "delete_categoria"
    }
},
{
    "model": "auth.permission",
    "pk": 28,
    "fields": {
        "name": "Can view categoria",
        "content_type": 7,
        "codename": "view_categoria"
    }
},
{
    "model": "auth.permission",
    "pk": 29,
    "fields": {
        "name": "Can add orden",
        "content_type": 8,
        "codename": "add_orden"
    }
},
{
    "model": "auth.permission",
    "pk": 30,
    "fields": {
        "name": "Can change orden",
        "content_type": 8,
        "codename": "change_orden"
    }
},
{
    "model": "auth.permission",
    "pk": 31,
    "fields": {
        "name": "Can delete orden",
        "content_type": 8,
        "codename": "delete_orden"
    }
},
{
    "model": "auth.permission",
    "pk": 32,
    "fields": {
        "name": "Can view orden",
        "content_type": 8,
        "codename": "view_orden"
    }
},
{
    "model": "auth.permission",
    "pk": 33,
    "fields": {
        "name": "Can add producto",
        "content_type": 9,
        "codename": "add_producto"
    }
},
{
    "model": "auth.permission",
    "pk": 34,
    "fields": {
        "name": "Can change producto",
        "content_type": 9,
        "codename": "change_producto"
    }
},
{
    "model": "auth.permission",
    "pk": 35,
    "fields": {
        "name": "Can delete producto",
        "content_type": 9,
        "codename": "delete_producto"
    }
},
{
    "model": "auth.permission",
    "pk": 36,
    "fields": {
        "name": "Can view producto",
        "content_type": 9,
        "codename": "view_producto"
    }
},
{
    "model": "auth.permission",
    "pk": 37,
    "fields": {
        "name": "Can add inventario",
        "content_type": 10,
        "codename": "add_inventario"
    }
},
{
    "model": "auth.permission",
    "pk": 38,
    "fields": {
        "name": "Can change inventario",
        "content_type": 10,
        "codename": "change_inventario"
    }
},
{
    "model": "auth.permission",
    "pk": 39,
    "fields": {
        "name": "Can delete inventario",
        "content_type": 10,
        "codename": "delete_inventario"
    }
},
{
    "model": "auth.permission",
    "pk": 40,
    "fields": {
        "name": "Can view inventario",
        "content_type": 10,
        "codename": "view_inventario"
    }
},
{
    "model": "auth.permission",
    "pk": 41,
    "fields": {
        "name": "Can add favoritos",
        "content_type": 11,
        "codename": "add_favoritos"
    }
},
{
    "model": "auth.permission",
    "pk": 42,
    "fields": {
        "name": "Can change favoritos",
        "content_type": 11,
        "codename": "change_favoritos"
    }
},
{
    "model": "auth.permission",
    "pk": 43,
    "fields": {
        "name": "Can delete favoritos",
        "content_type": 11,
        "codename": "delete_favoritos"
    }
},
{
    "model": "auth.permission",
    "pk": 44,
    "fields": {
        "name": "Can view favoritos",
        "content_type": 11,
        "codename": "view_favoritos"
    }
},
{
    "model": "auth.permission",
    "pk": 45,
    "fields": {
        "name": "Can add detalle orden",
        "content_type": 12,
        "codename": "add_detalleorden"
    }
},
{
    "model": "auth.permission",
    "pk": 46,
    "fields": {
        "name": "Can change detalle orden",
        "content_type": 12,
        "codename": "change_detalleorden"
    }
},
{
    "model": "auth.permission",
    "pk": 47,
    "fields": {
        "name": "Can delete detalle orden",
        "content_type": 12,
        "codename": "delete_detalleorden"
    }
},
{
    "model": "auth.permission",
    "pk": 48,
    "fields": {
        "name": "Can view detalle orden",
        "content_type": 12,
        "codename": "view_detalleorden"
    }
},
{
    "model": "auth.permission",
    "pk": 49,
    "fields": {
        "name": "Can add producto categoria",
        "content_type": 13,
        "codename": "add_productocategoria"
    }
},
{
    "model": "auth.permission",
    "pk": 50,
    "fields": {
        "name": "Can change producto categoria",
        "content_type": 13,
        "codename": "change_productocategoria"
    }
},
{
    "model": "auth.permission",
    "pk": 51,
    "fields": {
        "name": "Can delete producto categoria",
        "content_type": 13,
        "codename": "delete_productocategoria"
    }
},
{
    "model": "auth.permission",
    "pk": 52,
    "fields": {
        "name": "Can view producto categoria",
        "content_type": 13,
        "codename": "view_productocategoria"
    }
},
{
    "model": "auth.permission",
    "pk": 53,
    "fields": {
        "name": "Can add provedor",
        "content_type": 14,
        "codename": "add_provedor"
    }
},
{
    "model": "auth.permission",
    "pk": 54,
    "fields": {
        "name": "Can change provedor",
        "content_type": 14,
        "codename": "change_provedor"
    }
},
{
    "model": "auth.permission",
    "pk": 55,
    "fields": {
        "name": "Can delete provedor",
        "content_type": 14,
        "codename": "delete_provedor"
    }
},
{
    "model": "auth.permission",
    "pk": 56,
    "fields": {
        "name": "Can view provedor",
        "content_type": 14,
        "codename": "view_provedor"
    }
},
{
    "model": "auth.permission",
    "pk": 57,
    "fields": {
        "name": "Can add usuario",
        "content_type": 15,
        "codename": "add_usuario"
    }
},
{
    "model": "auth.permission",
    "pk": 58,
    "fields": {
        "name": "Can change usuario",
        "content_type": 15,
        "codename": "change_usuario"
    }
},
{
    "model": "auth.permission",
    "pk": 59,
    "fields": {
        "name": "Can delete usuario",
        "content_type": 15,
        "codename": "delete_usuario"
    }
},
{
    "model": "auth.permission",
    "pk": 60,
    "fields": {
        "name": "Can view usuario",
        "content_type": 15,
        "codename": "view_usuario"
    }
},
{
    "model": "auth.permission",
    "pk": 61,
    "fields": {
        "name": "Can add tarjeta",
        "content_type": 16,
        "codename": "add_tarjeta"
    }
},
{
    "model": "auth.permission",
    "pk": 62,
    "fields": {
        "name": "Can change tarjeta",
        "content_type": 16,
        "codename": "change_tarjeta"
    }
},
{
    "model": "auth.permission",
    "pk": 63,
    "fields": {
        "name": "Can delete tarjeta",
        "content_type": 16,
        "codename": "delete_tarjeta"
    }
},
{
    "model": "auth.permission",
    "pk": 64,
    "fields": {
        "name": "Can view tarjeta",
        "content_type": 16,
        "codename": "view_tarjeta"
    }
},
{
    "model": "auth.permission",
    "pk": 65,
    "fields": {
        "name": "Can add reclamo",
        "content_type": 17,
        "codename": "add_reclamo"
    }
},
{
    "model": "auth.permission",
    "pk": 66,
    "fields": {
        "name": "Can change reclamo",
        "content_type": 17,
        "codename": "change_reclamo"
    }
},
{
    "model": "auth.permission",
    "pk": 67,
    "fields": {
        "name": "Can delete reclamo",
        "content_type": 17,
        "codename": "delete_reclamo"
    }
},
{
    "model": "auth.permission",
    "pk": 68,
    "fields": {
        "name": "Can view reclamo",
        "content_type": 17,
        "codename": "view_reclamo"
    }
},
{
    "model": "contenttypes.contenttype",
    "pk": 1,
    "fields": {
        "app_label": "admin",
        "model": "logentry"
    }
},
{
    "model": "contenttypes.contenttype",
    "pk": 2,
    "fields": {
        "app_label": "auth",
        "model": "permission"
    }
},
{
    "model": "contenttypes.contenttype",
    "pk": 3,
    "fields": {
        "app_label": "auth",
        "model": "group"
    }
},
{
    "model": "contenttypes.contenttype",
    "pk": 4,
    "fields": {
        "app_label": "auth",
        "model": "user"
    }
},
{
    "model": "contenttypes.contenttype",
    "pk": 5,
    "fields": {
        "app_label": "contenttypes",
        "model": "contenttype"
    }
},
{
    "model": "contenttypes.contenttype",
    "pk": 6,
    "fields": {
        "app_label": "sessions",
        "model": "session"
    }
},
{
    "model": "contenttypes.contenttype",
    "pk": 7,
    "fields": {
        "app_label": "tienda",
        "model": "categoria"
    }
},
{
    "model": "contenttypes.contenttype",
    "pk": 8,
    "fields": {
        "app_label": "tienda",
        "model": "orden"
    }
},
{
    "model": "contenttypes.contenttype",
    "pk": 9,
    "fields": {
        "app_label": "tienda",
        "model": "producto"
    }
},
{
    "model": "contenttypes.contenttype",
    "pk": 10,
    "fields": {
        "app_label": "tienda",
        "model": "inventario"
    }
},
{
    "model": "contenttypes.contenttype",
    "pk": 11,
    "fields": {
        "app_label": "tienda",
        "model": "favoritos"
    }
},
{
    "model": "contenttypes.contenttype",
    "pk": 12,
    "fields": {
        "app_label": "tienda",
        "model": "detalleorden"
    }
},
{
    "model": "contenttypes.contenttype",
    "pk": 13,
    "fields": {
        "app_label": "tienda",
        "model": "productocategoria"
    }
},
{
    "model": "contenttypes.contenttype",
    "pk": 14,
    "fields": {
        "app_label": "tienda",
        "model": "provedor"
    }
},
{
    "model": "contenttypes.contenttype",
    "pk": 15,
    "fields": {
        "app_label": "tienda",
        "model": "usuario"
    }
},
{
    "model": "contenttypes.contenttype",
    "pk": 16,
    "fields": {
        "app_label": "tienda",
        "model": "tarjeta"
    }
},
{
    "model": "contenttypes.contenttype",
    "pk": 17,
    "fields": {
        "app_label": "tienda",
        "model": "reclamo"
    }
},
{
    "model": "tienda.usuario",
    "pk": 1,
    "fields": {
        "nombre": "Cup share hold final. Research anything gun tough. Through factor bill prevent employee skin.",
        "correo": "default@example.com",
        "direccion": "sin_direccion",
        "tipo_usuario": "administrador",
        "telefono": "Future believe."
    }
},
{
    "model": "tienda.usuario",
    "pk": 2,
    "fields": {
        "nombre": "Power top their most how. Environment brother address who.",
        "correo": "default@example.com",
        "direccion": "sin_direccion",
        "tipo_usuario": "cliente",
        "telefono": "News baby."
    }
},
{
    "model": "tienda.usuario",
    "pk": 3,
    "fields": {
        "nombre": "After from job her.\nEnd impact line then crime final few. Necessary list else save.",
        "correo": "default@example.com",
        "direccion": "sin_direccion",
        "tipo_usuario": "cliente",
        "telefono": "Local."
    }
},
{
    "model": "tienda.usuario",
    "pk": 4,
    "fields": {
        "nombre": "Street provide best because fact boy. Including red letter scene.",
        "correo": "default@example.com",
        "direccion": "sin_direccion",
        "tipo_usuario": "administrador",
        "telefono": "Camera church."
    }
},
{
    "model": "tienda.usuario",
    "pk": 5,
    "fields": {
        "nombre": "Day feeling live chair modern lot. Lawyer range show data.",
        "correo": "default@example.com",
        "direccion": "sin_direccion",
        "tipo_usuario": "administrador",
        "telefono": "Street degree."
    }
},
{
    "model": "tienda.usuario",
    "pk": 6,
    "fields": {
        "nombre": "Soldier area meet only. Good situation trip.",
        "correo": "default@example.com",
        "direccion": "sin_direccion",
        "tipo_usuario": "cliente",
        "telefono": "Difficult away."
    }
},
{
    "model": "tienda.usuario",
    "pk": 7,
    "fields": {
        "nombre": "Yard exactly produce spring machine throw. Catch summer school agency.",
        "correo": "default@example.com",
        "direccion": "sin_direccion",
        "tipo_usuario": "administrador",
        "telefono": "Life tough."
    }
},
{
    "model": "tienda.usuario",
    "pk": 8,
    "fields": {
        "nombre": "With computer so hot consider teacher firm gun.",
        "correo": "default@example.com",
        "direccion": "sin_direccion",
        "tipo_usuario": "administrador",
        "telefono": "Give certain."
    }
},
{
    "model": "tienda.usuario",
    "pk": 9,
    "fields": {
        "nombre": "Manager rate attack best American. Fear us defense high white beyond.",
        "correo": "default@example.com",
        "direccion": "sin_direccion",
        "tipo_usuario": "administrador",
        "telefono": "Sign trial."
    }
},
{
    "model": "tienda.usuario",
    "pk": 10,
    "fields": {
        "nombre": "Score case big test find quality. Share remain break add. Firm fear us already pretty center.",
        "correo": "default@example.com",
        "direccion": "sin_direccion",
        "tipo_usuario": "administrador",
        "telefono": "Affect on."
    }
},
{
    "model": "tienda.usuario",
    "pk": 11,
    "fields": {
        "nombre": "fran",
        "correo": "francisco@gmail.com",
        "direccion": "antonio machado 27",
        "tipo_usuario": "cliente",
        "telefono": "611726617"
    }
},
{
    "model": "tienda.usuario",
    "pk": 12,
    "fields": {
        "nombre": "ale",
        "correo": "ale@example.com",
        "direccion": "3",
        "tipo_usuario": "cliente",
        "telefono": "655454545"
    }
},
{
    "model": "tienda.usuario",
    "pk": 13,
    "fields": {
        "nombre": "aaaaaaaw",
        "correo": "aws@example.com",
        "direccion": "212",
        "tipo_usuario": "administrador",
        "telefono": "222222222222222"
    }
},
{
    "model": "tienda.usuario",
    "pk": 14,
    "fields": {
        "nombre": "y",
        "correo": "y@example.com",
        "direccion": "4",
        "tipo_usuario": "cliente",
        "telefono": "343333333"
    }
},
{
    "model": "tienda.usuario",
    "pk": 15,
    "fields": {
        "nombre": "t",
        "correo": "t@example.com",
        "direccion": "tttt",
        "tipo_usuario": "cliente",
        "telefono": "676777777"
    }
},
{
    "model": "tienda.usuario",
    "pk": 16,
    "fields": {
        "nombre": "cipote",
        "correo": "cipote@example.com",
        "direccion": "saksjaks",
        "tipo_usuario": "administrador",
        "telefono": "777777777655555"
    }
},
{
    "model": "tienda.producto",
    "pk": 1,
    "fields": {
        "nombre": "Student worker visit important force. Other yet have popular throw skin music.",
        "precio": "0.25",
        "tipo": "vino",
        "stock": 313,
        "descripcion": "Approach old store modern free ball budget. Expert standard light yeah.\nOld reason draw you option special. Pull investment respond fund.",
        "tiempo_estimado_envio": "00:07:58"
    }
},
{
    "model": "tienda.producto",
    "pk": 2,
    "fields": {
        "nombre": "Program color hear amount off. List improve energy.",
        "precio": "0.18",
        "tipo": "vino",
        "stock": -20434,
        "descripcion": "Star because impact show brother sort finally factor. Site physical trade economic same behavior mention.\nMiddle something here a player material certainly. How themselves last positive.",
        "tiempo_estimado_envio": "18:48:42"
    }
},
{
    "model": "tienda.producto",
    "pk": 3,
    "fields": {
        "nombre": "Main arm person. Environmental edge although fly something suggest.",
        "precio": "0.91",
        "tipo": "vino",
        "stock": -14328,
        "descripcion": "Next give movement on world rate. Manage pay produce mean institution apply meet.\nFeel customer they pay. Require more month step rather foreign range. Save activity four beyond.",
        "tiempo_estimado_envio": "14:23:53"
    }
},
{
    "model": "tienda.producto",
    "pk": 4,
    "fields": {
        "nombre": "If mission price price sing tonight. Usually me start way approach line company.",
        "precio": "0.30",
        "tipo": "vino",
        "stock": -3557,
        "descripcion": "When factor almost above his possible. Position yeah beautiful item half.\nInformation explain low make again no door. Most several answer. Training throughout something measure hope respond light.",
        "tiempo_estimado_envio": "07:49:01"
    }
},
{
    "model": "tienda.producto",
    "pk": 5,
    "fields": {
        "nombre": "Look office environmental else day. Senior research professional center expert main.",
        "precio": "0.95",
        "tipo": "vino",
        "stock": -25742,
        "descripcion": "Often media he maintain sit watch conference imagine. Join research half expert involve laugh.",
        "tiempo_estimado_envio": "14:12:57"
    }
},
{
    "model": "tienda.producto",
    "pk": 6,
    "fields": {
        "nombre": "Next break individual. Employee finish very offer.",
        "precio": "0.67",
        "tipo": "vino",
        "stock": 13852,
        "descripcion": "Plan law body maybe key type simple. Attention bring collection school among few. Mean there board step couple four big grow. Decision environment item choice court.",
        "tiempo_estimado_envio": "21:52:44"
    }
},
{
    "model": "tienda.producto",
    "pk": 7,
    "fields": {
        "nombre": "Sometimes red raise. Majority player watch fill force box. Fall money tend.",
        "precio": "0.51",
        "tipo": "vino",
        "stock": -25869,
        "descripcion": "Age husband though. End sound nearly determine notice particularly down rock. Marriage turn involve difficult evening.\nChoose minute friend group. Likely audience color start. Present employee use.",
        "tiempo_estimado_envio": "01:58:27"
    }
},
{
    "model": "tienda.producto",
    "pk": 8,
    "fields": {
        "nombre": "North song American hair party. Mission range wall major play expert mother.",
        "precio": "0.70",
        "tipo": "vino",
        "stock": -11180,
        "descripcion": "Music beat her ready determine. Draw interest couple leg shoulder drop. Consumer sound Mrs question building debate.\nRather bag family analysis city throw step.",
        "tiempo_estimado_envio": "09:53:24"
    }
},
{
    "model": "tienda.producto",
    "pk": 9,
    "fields": {
        "nombre": "From both still try. Drug health analysis lot media with color.\nThemselves support live machine no.",
        "precio": "0.22",
        "tipo": "vino",
        "stock": -9173,
        "descripcion": "Kid realize Mrs east campaign person about.\nMemory son really. Answer evidence story seem move baby.\nWait skin kind oil line. Recognize inside result actually need something government.",
        "tiempo_estimado_envio": "08:16:52"
    }
},
{
    "model": "tienda.producto",
    "pk": 10,
    "fields": {
        "nombre": "His Mr first consider in. Prevent sometimes direction official coach.",
        "precio": "0.46",
        "tipo": "vino",
        "stock": 25804,
        "descripcion": "Sea small experience man. Animal until central feel several happen recent. Food turn ground employee.",
        "tiempo_estimado_envio": "10:47:24"
    }
},
{
    "model": "tienda.orden",
    "pk": 1,
    "fields": {
        "fecha_orden": "1971-09-06",
        "total": "1.00",
        "estado": "completada",
        "usuario": 10,
        "metodo_pago": "Hour before stuff difference while no.",
        "archivo_adjunto": "archivo_adjunto"
    }
},
{
    "model": "tienda.orden",
    "pk": 2,
    "fields": {
        "fecha_orden": "1984-12-26",
        "total": "0.69",
        "estado": "cancelada",
        "usuario": 6,
        "metodo_pago": "Ago institution hot consumer old enjoy.",
        "archivo_adjunto": "archivo_adjunto"
    }
},
{
    "model": "tienda.orden",
    "pk": 3,
    "fields": {
        "fecha_orden": "1998-11-18",
        "total": "0.38",
        "estado": "pendiente",
        "usuario": 6,
        "metodo_pago": "Action maintain including rest collection budget.",
        "archivo_adjunto": "archivo_adjunto"
    }
},
{
    "model": "tienda.orden",
    "pk": 4,
    "fields": {
        "fecha_orden": "1984-07-05",
        "total": "0.69",
        "estado": "completada",
        "usuario": 9,
        "metodo_pago": "Parent citizen myself wall trip section.",
        "archivo_adjunto": "archivo_adjunto"
    }
},
{
    "model": "tienda.orden",
    "pk": 5,
    "fields": {
        "fecha_orden": "1978-01-01",
        "total": "0.54",
        "estado": "pendiente",
        "usuario": 9,
        "metodo_pago": "Land trial deep production business ground PM.",
        "archivo_adjunto": "archivo_adjunto"
    }
},
{
    "model": "tienda.orden",
    "pk": 6,
    "fields": {
        "fecha_orden": "2014-01-06",
        "total": "0.77",
        "estado": "pendiente",
        "usuario": 1,
        "metodo_pago": "For throughout term trial.",
        "archivo_adjunto": "archivo_adjunto"
    }
},
{
    "model": "tienda.orden",
    "pk": 7,
    "fields": {
        "fecha_orden": "1982-05-24",
        "total": "0.44",
        "estado": "completada",
        "usuario": 9,
        "metodo_pago": "First help color four why under without do.",
        "archivo_adjunto": "archivo_adjunto"
    }
},
{
    "model": "tienda.orden",
    "pk": 8,
    "fields": {
        "fecha_orden": "1996-03-24",
        "total": "0.31",
        "estado": "cancelada",
        "usuario": 10,
        "metodo_pago": "Public less poor mention off. Consumer share pay.",
        "archivo_adjunto": "archivo_adjunto"
    }
},
{
    "model": "tienda.orden",
    "pk": 9,
    "fields": {
        "fecha_orden": "1998-04-23",
        "total": "0.75",
        "estado": "pendiente",
        "usuario": 6,
        "metodo_pago": "Realize leader seek career computer car.",
        "archivo_adjunto": "archivo_adjunto"
    }
},
{
    "model": "tienda.orden",
    "pk": 10,
    "fields": {
        "fecha_orden": "2005-03-31",
        "total": "0.84",
        "estado": "cancelada",
        "usuario": 6,
        "metodo_pago": "Down stage east break.",
        "archivo_adjunto": "archivo_adjunto"
    }
},
{
    "model": "tienda.orden",
    "pk": 11,
    "fields": {
        "fecha_orden": "2024-12-10",
        "total": "0.01",
        "estado": "completada",
        "usuario": 1,
        "metodo_pago": "1",
        "archivo_adjunto": "archivo_adjunto"
    }
},
{
    "model": "tienda.orden",
    "pk": 12,
    "fields": {
        "fecha_orden": "2024-12-11",
        "total": "11.00",
        "estado": "completada",
        "usuario": 7,
        "metodo_pago": "1",
        "archivo_adjunto": "archivo_adjunto"
    }
},
{
    "model": "tienda.orden",
    "pk": 13,
    "fields": {
        "fecha_orden": "2024-12-11",
        "total": "22.00",
        "estado": "pendiente",
        "usuario": 8,
        "metodo_pago": "101",
        "archivo_adjunto": "archivo_adjunto"
    }
},
{
    "model": "tienda.orden",
    "pk": 14,
    "fields": {
        "fecha_orden": "2024-12-11",
        "total": "22.00",
        "estado": "pendiente",
        "usuario": 8,
        "metodo_pago": "0",
        "archivo_adjunto": "archivo_adjunto"
    }
},
{
    "model": "tienda.orden",
    "pk": 15,
    "fields": {
        "fecha_orden": "2024-12-11",
        "total": "1000.00",
        "estado": "pendiente",
        "usuario": 8,
        "metodo_pago": "0",
        "archivo_adjunto": "archivo_adjunto"
    }
},
{
    "model": "tienda.orden",
    "pk": 16,
    "fields": {
        "fecha_orden": "2024-12-11",
        "total": "1000.00",
        "estado": "pendiente",
        "usuario": 8,
        "metodo_pago": "0",
        "archivo_adjunto": "archivo_adjunto"
    }
},
{
    "model": "tienda.orden",
    "pk": 17,
    "fields": {
        "fecha_orden": "2024-12-11",
        "total": "1000.00",
        "estado": "pendiente",
        "usuario": 3,
        "metodo_pago": "0",
        "archivo_adjunto": "archivo_adjunto"
    }
},
{
    "model": "tienda.orden",
    "pk": 18,
    "fields": {
        "fecha_orden": "2024-12-11",
        "total": "101.00",
        "estado": "pendiente",
        "usuario": 3,
        "metodo_pago": "1",
        "archivo_adjunto": ""
    }
},
{
    "model": "tienda.orden",
    "pk": 19,
    "fields": {
        "fecha_orden": "2024-12-15",
        "total": "3.00",
        "estado": "completada",
        "usuario": 15,
        "metodo_pago": "1",
        "archivo_adjunto": "ordenes_archivos/graxias.webp"
    }
},
{
    "model": "tienda.orden",
    "pk": 20,
    "fields": {
        "fecha_orden": "2024-12-15",
        "total": "2.00",
        "estado": "completada",
        "usuario": 16,
        "metodo_pago": "1",
        "archivo_adjunto": "ordenes_archivos/graxias_CVO6bPp.webp"
    }
},
{
    "model": "tienda.detalleorden",
    "pk": 1,
    "fields": {
        "orden": 1,
        "producto": 7,
        "cantidad": 1,
        "precio_unitario": "0.74",
        "descuento_aplicado": "0.43",
        "tasa_impuesto": 0.06393964054903045
    }
},
{
    "model": "tienda.detalleorden",
    "pk": 2,
    "fields": {
        "orden": 10,
        "producto": 2,
        "cantidad": 1,
        "precio_unitario": "0.15",
        "descuento_aplicado": "0.82",
        "tasa_impuesto": 0.3704498907068532
    }
},
{
    "model": "tienda.detalleorden",
    "pk": 3,
    "fields": {
        "orden": 7,
        "producto": 5,
        "cantidad": 1,
        "precio_unitario": "0.34",
        "descuento_aplicado": "0.04",
        "tasa_impuesto": 0.027722274621507226
    }
},
{
    "model": "tienda.detalleorden",
    "pk": 4,
    "fields": {
        "orden": 10,
        "producto": 10,
        "cantidad": 1,
        "precio_unitario": "0.89",
        "descuento_aplicado": "0.74",
        "tasa_impuesto": 0.552047475694075
    }
},
{
    "model": "tienda.detalleorden",
    "pk": 5,
    "fields": {
        "orden": 8,
        "producto": 6,
        "cantidad": 1,
        "precio_unitario": "0.29",
        "descuento_aplicado": "0.82",
        "tasa_impuesto": 0.1708166432617897
    }
},
{
    "model": "tienda.detalleorden",
    "pk": 6,
    "fields": {
        "orden": 4,
        "producto": 7,
        "cantidad": 1,
        "precio_unitario": "0.39",
        "descuento_aplicado": "0.96",
        "tasa_impuesto": 0.3665364275895515
    }
},
{
    "model": "tienda.detalleorden",
    "pk": 7,
    "fields": {
        "orden": 3,
        "producto": 10,
        "cantidad": 1,
        "precio_unitario": "0.39",
        "descuento_aplicado": "0.83",
        "tasa_impuesto": 0.14997858494263727
    }
},
{
    "model": "tienda.detalleorden",
    "pk": 8,
    "fields": {
        "orden": 8,
        "producto": 2,
        "cantidad": 1,
        "precio_unitario": "0.09",
        "descuento_aplicado": "0.55",
        "tasa_impuesto": 0.7913464872562082
    }
},
{
    "model": "tienda.detalleorden",
    "pk": 9,
    "fields": {
        "orden": 3,
        "producto": 10,
        "cantidad": 1,
        "precio_unitario": "0.58",
        "descuento_aplicado": "0.91",
        "tasa_impuesto": 0.5570260963403866
    }
},
{
    "model": "tienda.detalleorden",
    "pk": 10,
    "fields": {
        "orden": 8,
        "producto": 9,
        "cantidad": 1,
        "precio_unitario": "0.81",
        "descuento_aplicado": "0.46",
        "tasa_impuesto": 0.1095699609847236
    }
},
{
    "model": "tienda.provedor",
    "pk": 1,
    "fields": {
        "nombre": "Produce action meeting vote street. Fear great message arrive.",
        "contacto": "White future single deal organization else. Finally prevent beyond grow modern.",
        "telefono": "Lawyer.",
        "correo": "kimberlywilliams@example.com",
        "productos": []
    }
},
{
    "model": "tienda.provedor",
    "pk": 2,
    "fields": {
        "nombre": "Floor kid then quality. Nature establish could may shoulder far happen. Five tend result edge.",
        "contacto": "Upon grow spring nation statement chair. Poor already hospital news.",
        "telefono": "Growth hold.",
        "correo": "william41@example.org",
        "productos": []
    }
},
{
    "model": "tienda.provedor",
    "pk": 3,
    "fields": {
        "nombre": "Entire return industry avoid. Worry unit yard far.",
        "contacto": "Nothing likely American keep trouble central small war. Bank learn exist control care.",
        "telefono": "Him lot huge.",
        "correo": "henryvictor@example.org",
        "productos": []
    }
},
{
    "model": "tienda.provedor",
    "pk": 4,
    "fields": {
        "nombre": "Within language heart president price consider. See firm take travel important.",
        "contacto": "Culture ask should scene suddenly station within. Player appear painting.",
        "telefono": "Story.",
        "correo": "hwilson@example.net",
        "productos": []
    }
},
{
    "model": "tienda.provedor",
    "pk": 5,
    "fields": {
        "nombre": "Hear main at another point address.",
        "contacto": "White air direction before professor worker. Expert who month.",
        "telefono": "Whole sing see.",
        "correo": "kelly91@example.com",
        "productos": []
    }
},
{
    "model": "tienda.provedor",
    "pk": 6,
    "fields": {
        "nombre": "Who live positive kitchen of. Floor stop PM allow rule.",
        "contacto": "Administration shake prevent eye establish. Television community charge ability two.",
        "telefono": "Thousand nor.",
        "correo": "thompsonmelissa@example.net",
        "productos": []
    }
},
{
    "model": "tienda.provedor",
    "pk": 7,
    "fields": {
        "nombre": "Either west send nothing be necessary system. Movement line security summer company.",
        "contacto": "Race large win mother region. Admit bag federal road.",
        "telefono": "Pattern fund.",
        "correo": "danderson@example.com",
        "productos": []
    }
},
{
    "model": "tienda.provedor",
    "pk": 8,
    "fields": {
        "nombre": "Wish board adult three during bed movement. Course already popular partner why.",
        "contacto": "Candidate whether step near. Grow Mrs way respond. Who above wind meeting west you car.",
        "telefono": "Great raise.",
        "correo": "carriegardner@example.org",
        "productos": []
    }
},
{
    "model": "tienda.provedor",
    "pk": 9,
    "fields": {
        "nombre": "Seek might plan change shake glass themselves. Contain investment everything serve.",
        "contacto": "Itself season point they pattern current. Think laugh turn trade. Add line religious product sing.",
        "telefono": "Mind less.",
        "correo": "anna75@example.net",
        "productos": []
    }
},
{
    "model": "tienda.provedor",
    "pk": 10,
    "fields": {
        "nombre": "People all foreign each answer everybody sort. Father talk listen interesting American possible.",
        "contacto": "Growth financial against everything they drive. Actually card mouth. Ability fear at school.",
        "telefono": "Play lose tree.",
        "correo": "urobinson@example.com",
        "productos": []
    }
},
{
    "model": "tienda.provedor",
    "pk": 11,
    "fields": {
        "nombre": "fran",
        "contacto": "manlo",
        "telefono": "111111111",
        "correo": "francisco@gmail.com",
        "productos": [
            1
        ]
    }
},
{
    "model": "tienda.provedor",
    "pk": 12,
    "fields": {
        "nombre": "fran",
        "contacto": "manlo",
        "telefono": "611726617",
        "correo": "francisco@gmail.com",
        "productos": [
            1
        ]
    }
},
{
    "model": "tienda.provedor",
    "pk": 13,
    "fields": {
        "nombre": "fran",
        "contacto": "manlo",
        "telefono": "611726617",
        "correo": "francisco@gmail.com",
        "productos": [
            1
        ]
    }
},
{
    "model": "tienda.inventario",
    "pk": 1,
    "fields": {
        "producto": 2,
        "cantidad_disponible": 20558,
        "ubicacion": "Water sit son natural open involve maintain.",
        "minimo_requerido": 29554,
        "fecha_actualizacion": "2004-11-25"
    }
},
{
    "model": "tienda.inventario",
    "pk": 2,
    "fields": {
        "producto": 7,
        "cantidad_disponible": -28,
        "ubicacion": "Agreement window property medical camera almost blood. Resource morning break measure we.",
        "minimo_requerido": 20885,
        "fecha_actualizacion": "2000-09-26"
    }
},
{
    "model": "tienda.inventario",
    "pk": 3,
    "fields": {
        "producto": 3,
        "cantidad_disponible": 17714,
        "ubicacion": "Knowledge worry everyone final relate last. Good start better strategy professor someone.",
        "minimo_requerido": 25700,
        "fecha_actualizacion": "2024-02-23"
    }
},
{
    "model": "tienda.inventario",
    "pk": 4,
    "fields": {
        "producto": 8,
        "cantidad_disponible": -26579,
        "ubicacion": "Serve quite apply bit purpose return mission. Into push room manage friend.",
        "minimo_requerido": 10591,
        "fecha_actualizacion": "1989-06-26"
    }
},
{
    "model": "tienda.inventario",
    "pk": 5,
    "fields": {
        "producto": 4,
        "cantidad_disponible": -20545,
        "ubicacion": "Ever real hundred. Time war five lawyer type charge everyone. Upon point thing station.",
        "minimo_requerido": -4605,
        "fecha_actualizacion": "2016-02-12"
    }
},
{
    "model": "tienda.inventario",
    "pk": 6,
    "fields": {
        "producto": 5,
        "cantidad_disponible": 19640,
        "ubicacion": "Success attorney these win first style husband. Because piece even watch provide weight.",
        "minimo_requerido": 15517,
        "fecha_actualizacion": "1970-01-09"
    }
},
{
    "model": "tienda.inventario",
    "pk": 7,
    "fields": {
        "producto": 1,
        "cantidad_disponible": -12786,
        "ubicacion": "His hour network girl nice write. Choose teacher enough skill skin energy choice difference.",
        "minimo_requerido": -10077,
        "fecha_actualizacion": "2017-01-28"
    }
},
{
    "model": "tienda.inventario",
    "pk": 8,
    "fields": {
        "producto": 6,
        "cantidad_disponible": -1351,
        "ubicacion": "Campaign bag same mother deep. Computer early community together section record seek.",
        "minimo_requerido": -17968,
        "fecha_actualizacion": "1989-03-31"
    }
},
{
    "model": "tienda.inventario",
    "pk": 9,
    "fields": {
        "producto": 9,
        "cantidad_disponible": 27182,
        "ubicacion": "Evening wait will them security. Two individual sign prove. Agreement office staff start.",
        "minimo_requerido": 28512,
        "fecha_actualizacion": "1995-12-15"
    }
},
{
    "model": "tienda.inventario",
    "pk": 10,
    "fields": {
        "producto": 10,
        "cantidad_disponible": 386,
        "ubicacion": "Evidence study guy. Congress something various pick about alone.",
        "minimo_requerido": 30171,
        "fecha_actualizacion": "1995-12-19"
    }
},
{
    "model": "tienda.tarjeta",
    "pk": 1,
    "fields": {
        "usuario": 1,
        "numero_tarjeta": "Indeed section.",
        "fecha_expiracion": "1995-03-04",
        "tipo": "crédito",
        "codigo_seguridad": "mana"
    }
},
{
    "model": "tienda.tarjeta",
    "pk": 2,
    "fields": {
        "usuario": 9,
        "numero_tarjeta": "Discover near.",
        "fecha_expiracion": "2020-07-27",
        "tipo": "crédito",
        "codigo_seguridad": "true"
    }
},
{
    "model": "tienda.tarjeta",
    "pk": 3,
    "fields": {
        "usuario": 10,
        "numero_tarjeta": "Cold necessary.",
        "fecha_expiracion": "2014-12-06",
        "tipo": "crédito",
        "codigo_seguridad": "born"
    }
},
{
    "model": "tienda.tarjeta",
    "pk": 4,
    "fields": {
        "usuario": 8,
        "numero_tarjeta": "These area.",
        "fecha_expiracion": "1981-04-12",
        "tipo": "crédito",
        "codigo_seguridad": "body"
    }
},
{
    "model": "tienda.tarjeta",
    "pk": 5,
    "fields": {
        "usuario": 5,
        "numero_tarjeta": "Wrong ask.",
        "fecha_expiracion": "1971-06-16",
        "tipo": "crédito",
        "codigo_seguridad": "art"
    }
},
{
    "model": "tienda.tarjeta",
    "pk": 6,
    "fields": {
        "usuario": 3,
        "numero_tarjeta": "May consider.",
        "fecha_expiracion": "1994-04-29",
        "tipo": "crédito",
        "codigo_seguridad": "both"
    }
},
{
    "model": "tienda.tarjeta",
    "pk": 7,
    "fields": {
        "usuario": 6,
        "numero_tarjeta": "Present policy.",
        "fecha_expiracion": "1972-09-26",
        "tipo": "crédito",
        "codigo_seguridad": "popu"
    }
},
{
    "model": "tienda.tarjeta",
    "pk": 8,
    "fields": {
        "usuario": 4,
        "numero_tarjeta": "Suggest answer.",
        "fecha_expiracion": "2000-03-11",
        "tipo": "crédito",
        "codigo_seguridad": "mill"
    }
},
{
    "model": "tienda.tarjeta",
    "pk": 9,
    "fields": {
        "usuario": 2,
        "numero_tarjeta": "Clear draw east.",
        "fecha_expiracion": "2013-01-03",
        "tipo": "crédito",
        "codigo_seguridad": "draw"
    }
},
{
    "model": "tienda.tarjeta",
    "pk": 10,
    "fields": {
        "usuario": 7,
        "numero_tarjeta": "Cause image.",
        "fecha_expiracion": "1971-12-27",
        "tipo": "crédito",
        "codigo_seguridad": "eye"
    }
},
{
    "model": "tienda.tarjeta",
    "pk": 11,
    "fields": {
        "usuario": 11,
        "numero_tarjeta": "7777777777777777",
        "fecha_expiracion": "2024-12-14",
        "tipo": "crédito",
        "codigo_seguridad": "444"
    }
},
{
    "model": "tienda.favoritos",
    "pk": 1,
    "fields": {
        "usuario": 1,
        "producto": 10,
        "fecha_agregado": "2024-12-10",
        "prioridad": 1,
        "notas": ""
    }
},
{
    "model": "tienda.favoritos",
    "pk": 2,
    "fields": {
        "usuario": 1,
        "producto": 3,
        "fecha_agregado": "2024-12-10",
        "prioridad": 1,
        "notas": ""
    }
},
{
    "model": "tienda.favoritos",
    "pk": 3,
    "fields": {
        "usuario": 1,
        "producto": 7,
        "fecha_agregado": "2024-12-10",
        "prioridad": 1,
        "notas": ""
    }
},
{
    "model": "tienda.favoritos",
    "pk": 4,
    "fields": {
        "usuario": 2,
        "producto": 5,
        "fecha_agregado": "2024-12-10",
        "prioridad": 1,
        "notas": ""
    }
},
{
    "model": "tienda.favoritos",
    "pk": 5,
    "fields": {
        "usuario": 2,
        "producto": 9,
        "fecha_agregado": "2024-12-10",
        "prioridad": 1,
        "notas": ""
    }
},
{
    "model": "tienda.favoritos",
    "pk": 6,
    "fields": {
        "usuario": 3,
        "producto": 3,
        "fecha_agregado": "2024-12-10",
        "prioridad": 1,
        "notas": ""
    }
},
{
    "model": "tienda.favoritos",
    "pk": 7,
    "fields": {
        "usuario": 3,
        "producto": 7,
        "fecha_agregado": "2024-12-10",
        "prioridad": 1,
        "notas": ""
    }
},
{
    "model": "tienda.favoritos",
    "pk": 8,
    "fields": {
        "usuario": 4,
        "producto": 1,
        "fecha_agregado": "2024-12-10",
        "prioridad": 1,
        "notas": ""
    }
},
{
    "model": "tienda.favoritos",
    "pk": 9,
    "fields": {
        "usuario": 4,
        "producto": 9,
        "fecha_agregado": "2024-12-10",
        "prioridad": 1,
        "notas": ""
    }
},
{
    "model": "tienda.favoritos",
    "pk": 10,
    "fields": {
        "usuario": 5,
        "producto": 2,
        "fecha_agregado": "2024-12-10",
        "prioridad": 1,
        "notas": ""
    }
},
{
    "model": "tienda.favoritos",
    "pk": 11,
    "fields": {
        "usuario": 5,
        "producto": 3,
        "fecha_agregado": "2024-12-10",
        "prioridad": 1,
        "notas": ""
    }
},
{
    "model": "tienda.favoritos",
    "pk": 12,
    "fields": {
        "usuario": 6,
        "producto": 6,
        "fecha_agregado": "2024-12-10",
        "prioridad": 1,
        "notas": ""
    }
},
{
    "model": "tienda.favoritos",
    "pk": 13,
    "fields": {
        "usuario": 7,
        "producto": 5,
        "fecha_agregado": "2024-12-10",
        "prioridad": 1,
        "notas": ""
    }
},
{
    "model": "tienda.favoritos",
    "pk": 14,
    "fields": {
        "usuario": 7,
        "producto": 4,
        "fecha_agregado": "2024-12-10",
        "prioridad": 1,
        "notas": ""
    }
},
{
    "model": "tienda.favoritos",
    "pk": 15,
    "fields": {
        "usuario": 8,
        "producto": 2,
        "fecha_agregado": "2024-12-10",
        "prioridad": 1,
        "notas": ""
    }
},
{
    "model": "tienda.favoritos",
    "pk": 16,
    "fields": {
        "usuario": 8,
        "producto": 6,
        "fecha_agregado": "2024-12-10",
        "prioridad": 1,
        "notas": ""
    }
},
{
    "model": "tienda.favoritos",
    "pk": 17,
    "fields": {
        "usuario": 9,
        "producto": 6,
        "fecha_agregado": "2024-12-10",
        "prioridad": 1,
        "notas": ""
    }
},
{
    "model": "tienda.favoritos",
    "pk": 18,
    "fields": {
        "usuario": 10,
        "producto": 9,
        "fecha_agregado": "2024-12-10",
        "prioridad": 1,
        "notas": ""
    }
},
{
    "model": "tienda.favoritos",
    "pk": 19,
    "fields": {
        "usuario": 10,
        "producto": 1,
        "fecha_agregado": "2024-12-10",
        "prioridad": 1,
        "notas": ""
    }
},
{
    "model": "tienda.favoritos",
    "pk": 20,
    "fields": {
        "usuario": 10,
        "producto": 3,
        "fecha_agregado": "2024-12-10",
        "prioridad": 1,
        "notas": ""
    }
},
{
    "model": "tienda.favoritos",
    "pk": 21,
    "fields": {
        "usuario": 5,
        "producto": 9,
        "fecha_agregado": "1990-06-03",
        "prioridad": 1,
        "notas": "Option evidence security me quickly. Protect I so which. Hundred grow point approach anyone.\nInvolve someone long upon study as attack. Board own prevent audience ago."
    }
},
{
    "model": "tienda.favoritos",
    "pk": 22,
    "fields": {
        "usuario": 7,
        "producto": 1,
        "fecha_agregado": "1986-02-05",
        "prioridad": 1,
        "notas": "Population become pass young simple. Character foot cost. Far audience fear during. Firm develop fly fear second billion size whatever.\nGame here bed real. Discover law fish station later."
    }
},
{
    "model": "tienda.favoritos",
    "pk": 23,
    "fields": {
        "usuario": 1,
        "producto": 7,
        "fecha_agregado": "1979-03-12",
        "prioridad": 1,
        "notas": "What a among course. Scene same final find. Movement partner anything evening modern."
    }
},
{
    "model": "tienda.favoritos",
    "pk": 24,
    "fields": {
        "usuario": 8,
        "producto": 5,
        "fecha_agregado": "2007-03-14",
        "prioridad": 1,
        "notas": "Decade bill approach data. Plant prevent hard. Defense consider health event low soon art onto.\nParty kid performance collection wide feeling also. Candidate say work best."
    }
},
{
    "model": "tienda.favoritos",
    "pk": 25,
    "fields": {
        "usuario": 1,
        "producto": 8,
        "fecha_agregado": "1987-02-26",
        "prioridad": 1,
        "notas": "Feeling southern report president. Court rich owner.\nImagine drive product sister item. Race professional late management society. Final doctor despite together officer."
    }
},
{
    "model": "tienda.favoritos",
    "pk": 26,
    "fields": {
        "usuario": 10,
        "producto": 4,
        "fecha_agregado": "1975-06-19",
        "prioridad": 1,
        "notas": "Heavy music job throw cold subject. Industry main edge ball see operation. With if any back. As politics return others surface bit."
    }
},
{
    "model": "tienda.favoritos",
    "pk": 27,
    "fields": {
        "usuario": 2,
        "producto": 10,
        "fecha_agregado": "2004-06-20",
        "prioridad": 1,
        "notas": "Itself accept when may but. Perhaps southern language old lay ever. Note thus question still question."
    }
},
{
    "model": "tienda.favoritos",
    "pk": 28,
    "fields": {
        "usuario": 6,
        "producto": 5,
        "fecha_agregado": "2015-02-20",
        "prioridad": 1,
        "notas": "Run exist challenge leave federal. Less something form floor agreement others imagine.\nCommunity team future my its. Or newspaper fund against event."
    }
},
{
    "model": "tienda.favoritos",
    "pk": 29,
    "fields": {
        "usuario": 7,
        "producto": 7,
        "fecha_agregado": "2010-02-17",
        "prioridad": 1,
        "notas": "Hand resource industry reason size charge skill property.\nSociety leader throw recent. Decade movie debate tax family standard. Would society again PM."
    }
},
{
    "model": "tienda.favoritos",
    "pk": 30,
    "fields": {
        "usuario": 3,
        "producto": 5,
        "fecha_agregado": "1997-05-05",
        "prioridad": 1,
        "notas": "Not lose professional you. Expect indeed rule. High it ok imagine.\nDinner for street he television see. Have stay clearly ability style if. Fight among space beyond behind."
    }
},
{
    "model": "tienda.favoritos",
    "pk": 31,
    "fields": {
        "usuario": 11,
        "producto": 1,
        "fecha_agregado": "2024-12-11",
        "prioridad": 1,
        "notas": ""
    }
},
{
    "model": "tienda.favoritos",
    "pk": 32,
    "fields": {
        "usuario": 11,
        "producto": 2,
        "fecha_agregado": "2024-12-11",
        "prioridad": 1,
        "notas": ""
    }
},
{
    "model": "tienda.favoritos",
    "pk": 33,
    "fields": {
        "usuario": 12,
        "producto": 6,
        "fecha_agregado": "2024-12-11",
        "prioridad": 1,
        "notas": ""
    }
},
{
    "model": "tienda.favoritos",
    "pk": 34,
    "fields": {
        "usuario": 12,
        "producto": 7,
        "fecha_agregado": "2024-12-11",
        "prioridad": 1,
        "notas": ""
    }
},
{
    "model": "tienda.favoritos",
    "pk": 35,
    "fields": {
        "usuario": 13,
        "producto": 1,
        "fecha_agregado": "2024-12-11",
        "prioridad": 1,
        "notas": ""
    }
},
{
    "model": "tienda.favoritos",
    "pk": 36,
    "fields": {
        "usuario": 13,
        "producto": 2,
        "fecha_agregado": "2024-12-11",
        "prioridad": 1,
        "notas": ""
    }
},
{
    "model": "tienda.favoritos",
    "pk": 37,
    "fields": {
        "usuario": 13,
        "producto": 9,
        "fecha_agregado": "2024-12-11",
        "prioridad": 1,
        "notas": ""
    }
},
{
    "model": "tienda.favoritos",
    "pk": 38,
    "fields": {
        "usuario": 14,
        "producto": 4,
        "fecha_agregado": "2024-12-11",
        "prioridad": 1,
        "notas": ""
    }
},
{
    "model": "tienda.favoritos",
    "pk": 39,
    "fields": {
        "usuario": 14,
        "producto": 6,
        "fecha_agregado": "2024-12-11",
        "prioridad": 1,
        "notas": ""
    }
},
{
    "model": "tienda.favoritos",
    "pk": 40,
    "fields": {
        "usuario": 15,
        "producto": 4,
        "fecha_agregado": "2024-12-11",
        "prioridad": 1,
        "notas": ""
    }
},
{
    "model": "tienda.favoritos",
    "pk": 41,
    "fields": {
        "usuario": 15,
        "producto": 5,
        "fecha_agregado": "2024-12-11",
        "prioridad": 1,
        "notas": ""
    }
},
{
    "model": "tienda.favoritos",
    "pk": 42,
    "fields": {
        "usuario": 16,
        "producto": 8,
        "fecha_agregado": "2024-12-15",
        "prioridad": 1,
        "notas": ""
    }
},
{
    "model": "tienda.favoritos",
    "pk": 43,
    "fields": {
        "usuario": 16,
        "producto": 5,
        "fecha_agregado": "2024-12-15",
        "prioridad": 1,
        "notas": ""
    }
},
{
    "model": "tienda.reclamo",
    "pk": 1,
    "fields": {
        "usuario": 8,
        "detalle_orden": null,
        "descripcion": "Second wind lot person degree head. Major magazine let even worker project fast.\nGround push break others hour every such. Step rule officer these civil focus offer.",
        "fecha": "1990-09-26",
        "estado": "pendiente",
        "respuesta": "Environment what exist anyone choice begin recent. Argue mouth name ask although quality yeah should. Region certainly painting occur difference ago."
    }
},
{
    "model": "tienda.reclamo",
    "pk": 2,
    "fields": {
        "usuario": 4,
        "detalle_orden": null,
        "descripcion": "Various include receive church. Check effort professor down bar with discuss. Year space assume office argue challenge computer. City success herself kitchen dog.",
        "fecha": "1976-07-24",
        "estado": "pendiente",
        "respuesta": "Mention term begin any character situation western. Individual model indicate treatment factor.\nFish need deep line fall require. Visit itself save green control education."
    }
},
{
    "model": "tienda.reclamo",
    "pk": 3,
    "fields": {
        "usuario": 3,
        "detalle_orden": null,
        "descripcion": "No today change fall just author entire. Fall mother break near whether somebody. Image Mr Republican laugh loss night in. Front let manager sister back.",
        "fecha": "1978-10-26",
        "estado": "pendiente",
        "respuesta": "Appear to beat other make visit. Contain physical pass.\nHow type town first energy. Air plant doctor particularly quickly late. Population table source structure low true sign."
    }
},
{
    "model": "tienda.reclamo",
    "pk": 4,
    "fields": {
        "usuario": 2,
        "detalle_orden": null,
        "descripcion": "Media particular size particularly happy leg. Baby along make test age.",
        "fecha": "1979-01-28",
        "estado": "pendiente",
        "respuesta": "Force especially son land while environment great property. Establish social study wind action."
    }
},
{
    "model": "tienda.reclamo",
    "pk": 5,
    "fields": {
        "usuario": 7,
        "detalle_orden": null,
        "descripcion": "Mother forward entire recent maybe seem state. Including language anything year rich citizen American inside. Choose hit feel rather month.\nRich red certainly civil.\nPull six word piece hot.",
        "fecha": "2023-02-02",
        "estado": "pendiente",
        "respuesta": "Doctor factor wide plant quickly ability. Seek couple easy possible.\nWhatever enjoy control add Democrat. Travel table compare surface. Level cut court analysis else language enough treat."
    }
},
{
    "model": "tienda.reclamo",
    "pk": 6,
    "fields": {
        "usuario": 9,
        "detalle_orden": null,
        "descripcion": "Wonder table soldier popular prevent air. Economy Republican positive law.\nDifference responsibility protect. Strategy defense occur pick full morning behavior. East safe heart thus.",
        "fecha": "1989-07-14",
        "estado": "pendiente",
        "respuesta": "Yes position measure bank over. Eight present blue like significant one task law. Serious physical early operation education rather protect."
    }
},
{
    "model": "tienda.reclamo",
    "pk": 7,
    "fields": {
        "usuario": 2,
        "detalle_orden": null,
        "descripcion": "Member although best into protect service. Manager their performance family white shake range.\nPolitical sport can already star enjoy total hour. View quality glass agent.",
        "fecha": "1980-11-14",
        "estado": "pendiente",
        "respuesta": "Fill less since its without usually example.\nSuccess money treatment. Later dog left how serious put quickly. Set training sort something down body."
    }
},
{
    "model": "tienda.reclamo",
    "pk": 8,
    "fields": {
        "usuario": 1,
        "detalle_orden": null,
        "descripcion": "Course pretty social without present accept. Place table hit affect professional many know.\nShort water ball. Conference put hit ten blood available. Hit top next suddenly enter.",
        "fecha": "1970-08-20",
        "estado": "pendiente",
        "respuesta": "Person remember customer machine support personal year of. Office notice wish stand son dark out.\nAgent financial continue little unit."
    }
},
{
    "model": "tienda.reclamo",
    "pk": 9,
    "fields": {
        "usuario": 4,
        "detalle_orden": null,
        "descripcion": "Bed federal of happen room. Whole discuss professional next like Mr pretty.\nAcross owner glass far chair hospital various. Democrat low interesting. Public face both move.",
        "fecha": "2001-02-27",
        "estado": "pendiente",
        "respuesta": "Final suddenly first professional cause service. Produce school above fear.\nPurpose white consumer since least clearly forward. Time far woman. Degree attack that family."
    }
},
{
    "model": "tienda.reclamo",
    "pk": 10,
    "fields": {
        "usuario": 1,
        "detalle_orden": null,
        "descripcion": "Ago specific investment source animal growth. Base alone plan police fine book.\nReach game operation road office. Its subject if church manager scene. Garden rate live room.",
        "fecha": "1988-04-05",
        "estado": "pendiente",
        "respuesta": "Sort per police. Baby enjoy its professor.\nNearly our energy. Note develop assume suffer task brother."
    }
},
{
    "model": "tienda.categoria",
    "pk": 1,
    "fields": {
        "nombre": "Carrys",
        "descripcion": "Cover cut central mission create what. Foreign enter fight note same garden suggest develop.\r\nEast popular anything agent popular. Particular pressure family agreement. Past in picture society.",
        "fecha_creacion": "2025-01-04",
        "estado": "activo",
        "prioridad": 1
    }
},
{
    "model": "tienda.categoria",
    "pk": 3,
    "fields": {
        "nombre": "Suggest culture become weight. Attack wide tonight either.",
        "descripcion": "Same major might animal grow movie. Rock simple prepare billion.\nBetween social nice history think become lawyer.",
        "fecha_creacion": "2024-12-10",
        "estado": "activo",
        "prioridad": 1
    }
},
{
    "model": "tienda.categoria",
    "pk": 4,
    "fields": {
        "nombre": "At agent assume bar figure. Manage tough anyone degree others. Ability perform financial can.",
        "descripcion": "Woman you analysis group fund view cause action. Draw amount under woman hotel radio national similar.\nAbility thank offer professional future eight final.",
        "fecha_creacion": "2024-12-10",
        "estado": "activo",
        "prioridad": 1
    }
},
{
    "model": "tienda.categoria",
    "pk": 5,
    "fields": {
        "nombre": "Suggest themselves give. Remember work school thing. Suddenly realize cause direction box.",
        "descripcion": "Everything current lose moment activity.\nPeace modern system world hot here. Help agreement local possible see same. Detail learn market law than wish.",
        "fecha_creacion": "2024-12-10",
        "estado": "activo",
        "prioridad": 1
    }
},
{
    "model": "tienda.categoria",
    "pk": 6,
    "fields": {
        "nombre": "Door foot song add culture paper. Under arm account age center well.",
        "descripcion": "Possible garden smile risk. Family arrive daughter.\nDegree to everybody. Development matter line past someone strategy movie end.\nHair I daughter beyond. Threat five modern off town.",
        "fecha_creacion": "2024-12-10",
        "estado": "activo",
        "prioridad": 1
    }
},
{
    "model": "tienda.categoria",
    "pk": 7,
    "fields": {
        "nombre": "Note those deal. Song again example establish same.",
        "descripcion": "Street there sign identify reason media. Exist body less fish clearly other great.",
        "fecha_creacion": "2024-12-10",
        "estado": "activo",
        "prioridad": 1
    }
},
{
    "model": "tienda.categoria",
    "pk": 8,
    "fields": {
        "nombre": "Green simply him test adult. Example network across skill.",
        "descripcion": "Single cover bill might teach business gas. Strong result upon green choose art trial. Professional rich bill behavior and dark home. System media fire its agree.",
        "fecha_creacion": "2024-12-10",
        "estado": "activo",
        "prioridad": 1
    }
},
{
    "model": "tienda.categoria",
    "pk": 9,
    "fields": {
        "nombre": "Own success ask standard skill able feel. Country conference respond run movie wear.",
        "descripcion": "Way scientist environmental cut. Though around organization stage Congress beyond water. Room over major remain. Allow hope company economy.",
        "fecha_creacion": "2024-12-10",
        "estado": "activo",
        "prioridad": 1
    }
},
{
    "model": "tienda.categoria",
    "pk": 10,
    "fields": {
        "nombre": "Expert individual could. Area deal soon black food most. Social score great deal them reason.",
        "descripcion": "Though both easy. Peace line key alone air reduce. Your some guess fly image media check.\nPaper to him because. Affect unit job red. Indeed air onto walk recently miss.",
        "fecha_creacion": "2024-12-10",
        "estado": "activo",
        "prioridad": 1
    }
},
{
    "model": "tienda.productocategoria",
    "pk": 1,
    "fields": {
        "producto": 1,
        "categoria": 9,
        "fecha_asociacion": "2024-12-10",
        "nota_adicional": "",
        "estado": "activo"
    }
},
{
    "model": "tienda.productocategoria",
    "pk": 2,
    "fields": {
        "producto": 1,
        "categoria": 1,
        "fecha_asociacion": "2024-12-10",
        "nota_adicional": "",
        "estado": "activo"
    }
},
{
    "model": "tienda.productocategoria",
    "pk": 3,
    "fields": {
        "producto": 2,
        "categoria": 9,
        "fecha_asociacion": "2024-12-10",
        "nota_adicional": "",
        "estado": "activo"
    }
},
{
    "model": "tienda.productocategoria",
    "pk": 4,
    "fields": {
        "producto": 2,
        "categoria": 8,
        "fecha_asociacion": "2024-12-10",
        "nota_adicional": "",
        "estado": "activo"
    }
},
{
    "model": "tienda.productocategoria",
    "pk": 6,
    "fields": {
        "producto": 3,
        "categoria": 9,
        "fecha_asociacion": "2024-12-10",
        "nota_adicional": "",
        "estado": "activo"
    }
},
{
    "model": "tienda.productocategoria",
    "pk": 7,
    "fields": {
        "producto": 3,
        "categoria": 3,
        "fecha_asociacion": "2024-12-10",
        "nota_adicional": "",
        "estado": "activo"
    }
},
{
    "model": "tienda.productocategoria",
    "pk": 8,
    "fields": {
        "producto": 4,
        "categoria": 3,
        "fecha_asociacion": "2024-12-10",
        "nota_adicional": "",
        "estado": "activo"
    }
},
{
    "model": "tienda.productocategoria",
    "pk": 9,
    "fields": {
        "producto": 4,
        "categoria": 8,
        "fecha_asociacion": "2024-12-10",
        "nota_adicional": "",
        "estado": "activo"
    }
},
{
    "model": "tienda.productocategoria",
    "pk": 10,
    "fields": {
        "producto": 4,
        "categoria": 6,
        "fecha_asociacion": "2024-12-10",
        "nota_adicional": "",
        "estado": "activo"
    }
},
{
    "model": "tienda.productocategoria",
    "pk": 11,
    "fields": {
        "producto": 5,
        "categoria": 4,
        "fecha_asociacion": "2024-12-10",
        "nota_adicional": "",
        "estado": "activo"
    }
},
{
    "model": "tienda.productocategoria",
    "pk": 12,
    "fields": {
        "producto": 6,
        "categoria": 8,
        "fecha_asociacion": "2024-12-10",
        "nota_adicional": "",
        "estado": "activo"
    }
},
{
    "model": "tienda.productocategoria",
    "pk": 13,
    "fields": {
        "producto": 6,
        "categoria": 4,
        "fecha_asociacion": "2024-12-10",
        "nota_adicional": "",
        "estado": "activo"
    }
},
{
    "model": "tienda.productocategoria",
    "pk": 14,
    "fields": {
        "producto": 6,
        "categoria": 1,
        "fecha_asociacion": "2024-12-10",
        "nota_adicional": "",
        "estado": "activo"
    }
},
{
    "model": "tienda.productocategoria",
    "pk": 15,
    "fields": {
        "producto": 7,
        "categoria": 1,
        "fecha_asociacion": "2024-12-10",
        "nota_adicional": "",
        "estado": "activo"
    }
},
{
    "model": "tienda.productocategoria",
    "pk": 16,
    "fields": {
        "producto": 8,
        "categoria": 1,
        "fecha_asociacion": "2024-12-10",
        "nota_adicional": "",
        "estado": "activo"
    }
},
{
    "model": "tienda.productocategoria",
    "pk": 17,
    "fields": {
        "producto": 8,
        "categoria": 6,
        "fecha_asociacion": "2024-12-10",
        "nota_adicional": "",
        "estado": "activo"
    }
},
{
    "model": "tienda.productocategoria",
    "pk": 18,
    "fields": {
        "producto": 8,
        "categoria": 10,
        "fecha_asociacion": "2024-12-10",
        "nota_adicional": "",
        "estado": "activo"
    }
},
{
    "model": "tienda.productocategoria",
    "pk": 19,
    "fields": {
        "producto": 9,
        "categoria": 1,
        "fecha_asociacion": "2024-12-10",
        "nota_adicional": "",
        "estado": "activo"
    }
},
{
    "model": "tienda.productocategoria",
    "pk": 20,
    "fields": {
        "producto": 9,
        "categoria": 9,
        "fecha_asociacion": "2024-12-10",
        "nota_adicional": "",
        "estado": "activo"
    }
},
{
    "model": "tienda.productocategoria",
    "pk": 21,
    "fields": {
        "producto": 9,
        "categoria": 3,
        "fecha_asociacion": "2024-12-10",
        "nota_adicional": "",
        "estado": "activo"
    }
},
{
    "model": "tienda.productocategoria",
    "pk": 22,
    "fields": {
        "producto": 10,
        "categoria": 9,
        "fecha_asociacion": "2024-12-10",
        "nota_adicional": "",
        "estado": "activo"
    }
},
{
    "model": "tienda.productocategoria",
    "pk": 23,
    "fields": {
        "producto": 10,
        "categoria": 1,
        "fecha_asociacion": "2024-12-10",
        "nota_adicional": "",
        "estado": "activo"
    }
},
{
    "model": "tienda.productocategoria",
    "pk": 24,
    "fields": {
        "producto": 4,
        "categoria": 1,
        "fecha_asociacion": "1989-05-25",
        "nota_adicional": "Expert enter sound situation everyone. Beautiful consumer even national. Few this student last seek.",
        "estado": "activo"
    }
},
{
    "model": "tienda.productocategoria",
    "pk": 25,
    "fields": {
        "producto": 5,
        "categoria": 9,
        "fecha_asociacion": "1972-12-30",
        "nota_adicional": "Keep break color seven money. Instead administration bag cold. Market sit window base allow current away.",
        "estado": "activo"
    }
},
{
    "model": "tienda.productocategoria",
    "pk": 26,
    "fields": {
        "producto": 9,
        "categoria": 6,
        "fecha_asociacion": "2023-04-03",
        "nota_adicional": "Recent sea into environment activity require threat.\nBusiness measure public window find again cause. Customer physical media good interest thank task. Something order section since.",
        "estado": "activo"
    }
},
{
    "model": "tienda.productocategoria",
    "pk": 27,
    "fields": {
        "producto": 3,
        "categoria": 6,
        "fecha_asociacion": "1998-03-03",
        "nota_adicional": "Art name provide individual keep a offer. Voice three power spend. Other meet song seek become contain rule.\nPaper million far local only else four. Figure society section individual easy.",
        "estado": "activo"
    }
},
{
    "model": "tienda.productocategoria",
    "pk": 28,
    "fields": {
        "producto": 7,
        "categoria": 6,
        "fecha_asociacion": "1989-07-07",
        "nota_adicional": "Production project stop nature quickly old. Also inside class. Magazine do drop loss maybe figure tonight. Dinner design red management able.",
        "estado": "activo"
    }
},
{
    "model": "tienda.productocategoria",
    "pk": 29,
    "fields": {
        "producto": 10,
        "categoria": 1,
        "fecha_asociacion": "1978-08-04",
        "nota_adicional": "Energy usually door nor available. Risk remember source suddenly.\nHit one at wall place catch. Hope bill among.",
        "estado": "activo"
    }
},
{
    "model": "tienda.productocategoria",
    "pk": 30,
    "fields": {
        "producto": 5,
        "categoria": 3,
        "fecha_asociacion": "2023-05-20",
        "nota_adicional": "Work today matter family hospital. Policy material order accept ability seem. Message politics guy machine Democrat mention sea. National answer ago back look.",
        "estado": "activo"
    }
},
{
    "model": "tienda.productocategoria",
    "pk": 31,
    "fields": {
        "producto": 7,
        "categoria": 8,
        "fecha_asociacion": "1986-10-19",
        "nota_adicional": "Every learn professor often many. Environment reflect enter simple per idea mention.\nUpon pattern picture ten audience. Start wind want.",
        "estado": "activo"
    }
},
{
    "model": "tienda.productocategoria",
    "pk": 32,
    "fields": {
        "producto": 6,
        "categoria": 4,
        "fecha_asociacion": "1980-01-01",
        "nota_adicional": "Professional film message not difference. History candidate break meeting line hope how. Establish explain use husband just half common.",
        "estado": "activo"
    }
},
{
    "model": "tienda.productocategoria",
    "pk": 33,
    "fields": {
        "producto": 7,
        "categoria": 7,
        "fecha_asociacion": "1974-09-02",
        "nota_adicional": "Represent box difficult debate. During country cultural determine party site without yeah.\nNear minute energy economic project. Stay color understand tend forward foreign computer.",
        "estado": "activo"
    }
}
]
